,Name,LigandSmiles,Metal,metalposition,metalbonds,metalbondatoms,metalbonatomnr,metalbondtypes,bondorder
0,ACUJUE,O.O=N(O)O.O=N(O)O.O=N(O)O.c1ccc(c2nc(c3ccccn3)nc(c3ccccn3)n2)nc1,67,1,"[(0, 1), (1, 2), (1, 6), (1, 10), (1, 14), (1, 5), (1, 9), (1, 13), (1, 25), (1, 31)]","[0, 2, 6, 10, 14, 5, 9, 13, 25, 31]","[8, 8, 8, 8, 7, 8, 8, 8, 7, 7]","['SINGLE', 'SINGLE', 'SINGLE', 'SINGLE', 'SINGLE', 'SINGLE', 'SINGLE', 'SINGLE', 'SINGLE', 'SINGLE']",10.0
1,AGUVED,C1COC(Cc2ccc3ccccc23)C1.Cl.c1ccc2c(CC3CCCO3)ccc2c1,67,1,"[(0, 1), (1, 2), (1, 17), (1, 8), (1, 9), (1, 10), (1, 11), (1, 16), (1, 23), (1, 24), (1, 25), (1, 26), (1, 31)]","[0, 2, 17, 8, 9, 10, 11, 16, 23, 24, 25, 26, 31]","[17, 8, 8, 6, 6, 6, 6, 6, 6, 6, 6, 6, 6]","['SINGLE', 'SINGLE', 'SINGLE', 'SINGLE', 'SINGLE', 'SINGLE', 'SINGLE', 'SINGLE', 'SINGLE', 'SINGLE', 'SINGLE', 'SINGLE', 'SINGLE']",13.0
2,AKEVUJ,[SbH]1[SbH]23[SbH2-][Ho]12456789%10[Sb]1[SbH-]4[SbH]5([SbH-]16)[SbH]71[Sb]8[SbH]39[Sb]1%10,51,12,"[(6, 12), (8, 12), (9, 12), (11, 12)]","[6, 8, 9, 11]","[51, 67, 51, 51]","['SINGLE', 'SINGLE', 'SINGLE', 'SINGLE']",4.0
3,ANEJAH,CC(C)c1cccc(C(C)C)c1N=C1C=C(C(C)(C)C)C=C(C(C)(C)C)C1=O.CC(C)c1cccc(C(C)C)c1N=C1C=C(C(C)(C)C)C=C(C(C)(C)C)C1=O.I.I.I,67,1,"[(0, 1), (1, 2), (1, 3), (1, 4), (1, 32), (1, 7), (1, 35)]","[0, 2, 3, 4, 32, 7, 35]","[53, 53, 53, 8, 8, 7, 7]","['SINGLE', 'SINGLE', 'SINGLE', 'SINGLE', 'SINGLE', 'SINGLE', 'SINGLE']",7.0
4,ARIJAN,C1CCOC1.C[Si](C)(C)C.C[Si](C)(C)C.Cc1c(C)c(C)c([Si](C)(C)C)c1C,67,9,"[(1, 9), (2, 9), (4, 9), (6, 9), (7, 9), (9, 10), (9, 15), (9, 20)]","[1, 2, 4, 6, 7, 10, 15, 20]","[6, 6, 6, 6, 6, 6, 6, 8]","['SINGLE', 'SINGLE', 'SINGLE', 'SINGLE', 'SINGLE', 'SINGLE', 'SINGLE', 'SINGLE']",8.0
5,ATINUM,CC(C)(C)c1cc(C=NCCN(CCN=Cc2cc(C(C)(C)C)cc(-c3ccccn3)c2O)CCN=Cc2cc(C(C)(C)C)cc(-c3ccccn3)c2O)c(O)c(-c2ccccn2)c1,67,23,"[(8, 23), (11, 23), (14, 23), (22, 23), (23, 24), (23, 34), (23, 38)]","[8, 11, 14, 22, 24, 34, 38]","[7, 7, 7, 8, 8, 8, 7]","['SINGLE', 'SINGLE', 'SINGLE', 'SINGLE', 'SINGLE', 'SINGLE', 'SINGLE']",7.0
6,AWOCUN,O.O.O.O.O.O.O.O,67,1,"[(0, 1), (1, 2), (1, 3), (1, 4), (1, 5), (1, 6), (1, 7), (1, 8)]","[0, 2, 3, 4, 5, 6, 7, 8]","[8, 8, 8, 8, 8, 8, 8, 8]","['SINGLE', 'SINGLE', 'SINGLE', 'SINGLE', 'SINGLE', 'SINGLE', 'SINGLE', 'SINGLE']",8.0
7,AXAQAR,O=N(O)O.O=N(O)O.O=N(O)O.O=N([O-])O.O=N([O-])O,67,3,"[(2, 3), (3, 4), (3, 5), (3, 9), (3, 13), (3, 17), (3, 8), (3, 12), (3, 16), (3, 20)]","[2, 4, 5, 9, 13, 17, 8, 12, 16, 20]","[8, 8, 8, 8, 8, 8, 8, 8, 8, 8]","['SINGLE', 'SINGLE', 'SINGLE', 'SINGLE', 'SINGLE', 'SINGLE', 'SINGLE', 'SINGLE', 'SINGLE', 'SINGLE']",10.0
8,AYEJAQ,CC(N)=O.CC(N)=O.CC(N)=O.CC(N)=O.O.O.O.O,67,1,"[(0, 1), (1, 2), (1, 3), (1, 4), (1, 5), (1, 9), (1, 13), (1, 17)]","[0, 2, 3, 4, 5, 9, 13, 17]","[8, 8, 8, 8, 8, 8, 8, 8]","['SINGLE', 'SINGLE', 'SINGLE', 'SINGLE', 'SINGLE', 'SINGLE', 'SINGLE', 'SINGLE']",8.0
9,BASLOX,CCC1=C(CC)c2cc3[nH]c(cc4nc(cc5[nH]c(cc1n2)c(CC)c5CC)C(CC)=C4CC)c(CC)c3CC.c1ccc2cc3c(cc2c1)-c1nc-3nc2[nH]c(nc3nc(nc4[nH]c(n1)c1cc5ccccc5cc41)-c1cc4ccccc4cc1-3)c1cc3ccccc3cc21,67,22,"[(6, 22), (10, 22), (14, 22), (21, 22), (22, 23), (22, 27), (22, 44), (22, 68)]","[6, 10, 14, 21, 23, 27, 44, 68]","[7, 7, 7, 7, 7, 7, 7, 7]","['SINGLE', 'SINGLE', 'SINGLE', 'SINGLE', 'SINGLE', 'SINGLE', 'SINGLE', 'SINGLE']",8.0
10,BATNUJ,C1CCO([Ca]2345678(O9CCCC9)(O9CCCC9)c9%10c2%11c32c43c54c65c76c98[K]%10%1126354789%12%13%14%15c2c7c8c9c%12c%13c%14c2%15)C1.c1ccccccc1,67,33,"[(25, 33), (26, 33), (27, 33), (28, 33), (29, 33), (30, 33), (31, 33), (32, 33), (33, 34), (33, 35), (33, 36), (33, 37), (33, 38), (33, 39), (33, 40), (33, 41)]","[25, 26, 27, 28, 29, 30, 31, 32, 34, 35, 36, 37, 38, 39, 40, 41]","[6, 6, 6, 6, 6, 6, 6, 6, 6, 6, 6, 6, 6, 6, 6, 6]","['SINGLE', 'SINGLE', 'SINGLE', 'SINGLE', 'SINGLE', 'SINGLE', 'SINGLE', 'SINGLE', 'SINGLE', 'SINGLE', 'SINGLE', 'SINGLE', 'SINGLE', 'SINGLE', 'SINGLE', 'SINGLE']",16.0
11,BEYSAZ,O.O.O.O.O=S(=O)(O)O.O=S(=O)([O-])O,67,1,"[(0, 1), (1, 2), (1, 3), (1, 4), (1, 5), (1, 10), (1, 9), (1, 14)]","[0, 2, 3, 4, 5, 10, 9, 14]","[8, 8, 8, 8, 8, 8, 8, 8]","['SINGLE', 'SINGLE', 'SINGLE', 'SINGLE', 'SINGLE', 'SINGLE', 'SINGLE', 'SINGLE']",8.0
12,BIWZUF,CC(C)N=C(NC(C)C)N1CC1.CC(C)N=C(NC(C)C)N1CC1.CC(C)N=C(NC(C)C)N1CC1,67,9,"[(3, 9), (5, 9), (9, 10), (9, 22), (9, 15), (9, 27)]","[3, 5, 10, 22, 15, 27]","[7, 7, 7, 7, 7, 7]","['SINGLE', 'SINGLE', 'SINGLE', 'SINGLE', 'SINGLE', 'SINGLE']",6.0
13,BONTON,O.O.O.O=N(O)O.O=N(O)O.O=N(O)O,67,1,"[(0, 1), (1, 2), (1, 3), (1, 4), (1, 8), (1, 12), (1, 7), (1, 11), (1, 15)]","[0, 2, 3, 4, 8, 12, 7, 11, 15]","[8, 8, 8, 8, 8, 8, 8, 8, 8]","['SINGLE', 'SINGLE', 'SINGLE', 'SINGLE', 'SINGLE', 'SINGLE', 'SINGLE', 'SINGLE', 'SINGLE']",9.0
14,BUTNEL,NC(N)=O.NC(N)=O.NC(N)=O.NC(N)=O.NC(N)=O.NC(N)=O.NC(N)=O,67,4,"[(3, 4), (4, 5), (4, 9), (4, 13), (4, 17), (4, 21), (4, 25)]","[3, 5, 9, 13, 17, 21, 25]","[8, 8, 8, 8, 8, 8, 8]","['SINGLE', 'SINGLE', 'SINGLE', 'SINGLE', 'SINGLE', 'SINGLE', 'SINGLE']",7.0
15,CACDOD,C1CCOC1.Fc1cccc(F)c1N=CNc1c(F)cccc1F.Fc1cccc(F)c1N=CNc1c(F)cccc1F.Fc1cccc(F)c1N=CNc1c(F)cccc1F,67,19,"[(8, 19), (10, 19), (19, 20), (19, 39), (19, 58), (19, 22), (19, 41)]","[8, 10, 20, 39, 58, 22, 41]","[7, 7, 7, 7, 8, 7, 7]","['SINGLE', 'SINGLE', 'SINGLE', 'SINGLE', 'SINGLE', 'SINGLE', 'SINGLE']",7.0
16,CAMDOJ,CC(C)O[PH](=S)(=S)OC(C)C.CC(C)O[PH](=S)(=S)OC(C)C.CC(C)O[PH](=S)(=S)OC(C)C.CC(C)O[PH](=S)(=S)OC(C)C,67,6,"[(5, 6), (6, 7), (6, 8), (6, 19), (6, 30), (6, 10), (6, 21), (6, 32)]","[5, 7, 8, 19, 30, 10, 21, 32]","[16, 16, 16, 16, 16, 16, 16, 16]","['SINGLE', 'SINGLE', 'SINGLE', 'SINGLE', 'SINGLE', 'SINGLE', 'SINGLE', 'SINGLE']",8.0
17,CAQFUV,CC1=NC(c2cccc(C3=NNC(C)=N3)n2)=NN1.O.O=N(O)O.O=N(O)O.O=[N+]([O-])O,67,1,"[(0, 1), (1, 2), (1, 6), (1, 10), (1, 14), (1, 5), (1, 9), (1, 25), (1, 30)]","[0, 2, 6, 10, 14, 5, 9, 25, 30]","[8, 8, 8, 8, 7, 8, 8, 7, 7]","['SINGLE', 'SINGLE', 'SINGLE', 'SINGLE', 'SINGLE', 'SINGLE', 'SINGLE', 'SINGLE', 'SINGLE']",9.0
18,CEDGIF,C#NC1CCCCC1.c1cccc1.c1cccc1.c1cccc1,67,8,"[(7, 8), (8, 9), (8, 14), (8, 19), (8, 10), (8, 11), (8, 12), (8, 13), (8, 15), (8, 16), (8, 17), (8, 18), (8, 20), (8, 21), (8, 22), (8, 23)]","[7, 9, 14, 19, 10, 11, 12, 13, 15, 16, 17, 18, 20, 21, 22, 23]","[6, 6, 6, 6, 6, 6, 6, 6, 6, 6, 6, 6, 6, 6, 6, 6]","['SINGLE', 'SINGLE', 'SINGLE', 'SINGLE', 'SINGLE', 'SINGLE', 'SINGLE', 'SINGLE', 'SINGLE', 'SINGLE', 'SINGLE', 'SINGLE', 'SINGLE', 'SINGLE', 'SINGLE', 'SINGLE']",16.0
19,CEQMOD,O.O.O.O.O.O.O.O,67,1,"[(0, 1), (1, 2), (1, 3), (1, 4), (1, 5), (1, 6), (1, 7), (1, 8)]","[0, 2, 3, 4, 5, 6, 7, 8]","[8, 8, 8, 8, 8, 8, 8, 8]","['SINGLE', 'SINGLE', 'SINGLE', 'SINGLE', 'SINGLE', 'SINGLE', 'SINGLE', 'SINGLE']",8.0
20,CEVCUE,CC(=O)NC(C)(C)C.CC(=O)NC(C)(C)C.CC(=O)NC(C)(C)C.O=N(O)O.O=N(O)O.O=N(O)O,67,8,"[(7, 8), (8, 9), (8, 13), (8, 17), (8, 21), (8, 29), (8, 12), (8, 16), (8, 20)]","[7, 9, 13, 17, 21, 29, 12, 16, 20]","[8, 8, 8, 8, 8, 8, 8, 8, 8]","['SINGLE', 'SINGLE', 'SINGLE', 'SINGLE', 'SINGLE', 'SINGLE', 'SINGLE', 'SINGLE', 'SINGLE']",9.0
21,CEYZIT,O.O.O.O.O.O.O.O,67,1,"[(0, 1), (1, 2), (1, 3), (1, 4), (1, 5), (1, 6), (1, 7), (1, 8)]","[0, 2, 3, 4, 5, 6, 7, 8]","[8, 8, 8, 8, 8, 8, 8, 8]","['SINGLE', 'SINGLE', 'SINGLE', 'SINGLE', 'SINGLE', 'SINGLE', 'SINGLE', 'SINGLE']",8.0
22,CIFXIZ,C1CCOC1.CC(C)Nc1cccccc1=NC(c1ccccc1)C(N=c1cccccc1NC(C)C)c1ccccc1.Cl,67,1,"[(0, 1), (1, 2), (1, 40), (1, 13), (1, 16), (1, 24)]","[0, 2, 40, 13, 16, 24]","[17, 7, 8, 7, 7, 7]","['SINGLE', 'SINGLE', 'SINGLE', 'SINGLE', 'SINGLE', 'SINGLE']",6.0
23,CUSYUK,O.O.O.O=C(O)CN(CCN(CC(=O)O)CC(=O)O)CC(=O)O,67,1,"[(0, 1), (1, 2), (1, 3), (1, 4), (1, 8), (1, 11), (1, 15), (1, 19), (1, 23)]","[0, 2, 3, 4, 8, 11, 15, 19, 23]","[8, 8, 8, 8, 7, 7, 8, 8, 8]","['SINGLE', 'SINGLE', 'SINGLE', 'SINGLE', 'SINGLE', 'SINGLE', 'SINGLE', 'SINGLE', 'SINGLE']",9.0
24,DAKJEE,Cl.Cl.Cl.[Cl-].[Cl-].[Cl-],67,1,"[(0, 1), (1, 2), (1, 3), (1, 4), (1, 5), (1, 6)]","[0, 2, 3, 4, 5, 6]","[17, 17, 17, 17, 17, 17]","['SINGLE', 'SINGLE', 'SINGLE', 'SINGLE', 'SINGLE', 'SINGLE']",6.0
25,DALXUK,N#C[S-].N=C=S.N=C=S.N=C=S.O.O.O.O,67,1,"[(0, 1), (1, 2), (1, 3), (1, 4), (1, 5), (1, 8), (1, 11), (1, 14)]","[0, 2, 3, 4, 5, 8, 11, 14]","[8, 8, 8, 8, 7, 7, 7, 7]","['SINGLE', 'SINGLE', 'SINGLE', 'SINGLE', 'SINGLE', 'SINGLE', 'SINGLE', 'SINGLE']",8.0
26,DATVED,CO.CO.O=N(O)O.O=[N+]([O-])c1ccc(O)c(C=NC2CCCCC2N=Cc2cc([N+](=O)[O-])ccc2O)c1,67,2,"[(1, 2), (2, 3), (2, 33), (2, 37), (2, 11), (2, 18), (2, 26), (2, 36)]","[1, 3, 33, 37, 11, 18, 26, 36]","[8, 8, 8, 8, 7, 7, 8, 8]","['SINGLE', 'SINGLE', 'SINGLE', 'SINGLE', 'SINGLE', 'SINGLE', 'SINGLE', 'SINGLE']",8.0
27,DEKBAX,N.c1cccc1.c1cccc1.c1cccc1,67,1,"[(0, 1), (1, 2), (1, 7), (1, 12), (1, 3), (1, 4), (1, 5), (1, 6), (1, 8), (1, 9), (1, 10), (1, 11), (1, 13), (1, 14), (1, 15), (1, 16)]","[0, 2, 7, 12, 3, 4, 5, 6, 8, 9, 10, 11, 13, 14, 15, 16]","[7, 6, 6, 6, 6, 6, 6, 6, 6, 6, 6, 6, 6, 6, 6, 6]","['SINGLE', 'SINGLE', 'SINGLE', 'SINGLE', 'SINGLE', 'SINGLE', 'SINGLE', 'SINGLE', 'SINGLE', 'SINGLE', 'SINGLE', 'SINGLE', 'SINGLE', 'SINGLE', 'SINGLE', 'SINGLE']",16.0
28,DEZDIX,N#CC(C#N)=c1ccc(=C(C#N)C#N)cc1.N#CC(C#N)=c1ccc(=C(C#N)C#N)cc1.O.O.O.O.O.O,67,1,"[(0, 1), (1, 2), (1, 3), (1, 4), (1, 5), (1, 6), (1, 7), (1, 23)]","[0, 2, 3, 4, 5, 6, 7, 23]","[8, 8, 8, 8, 8, 8, 7, 7]","['SINGLE', 'SINGLE', 'SINGLE', 'SINGLE', 'SINGLE', 'SINGLE', 'SINGLE', 'SINGLE']",8.0
29,DIVYIU,CC(C)c1c(C(C)C)c(C(C)C)c(C(C)C)c1C(C)C.CC(C)c1c(C(C)C)c(C(C)C)c(C(C)C)c1C(C)C,67,20,"[(3, 20), (4, 20), (8, 20), (12, 20), (16, 20), (20, 21), (20, 25), (20, 29), (20, 33), (20, 37)]","[3, 4, 8, 12, 16, 21, 25, 29, 33, 37]","[6, 6, 6, 6, 6, 6, 6, 6, 6, 6]","['SINGLE', 'SINGLE', 'SINGLE', 'SINGLE', 'SINGLE', 'SINGLE', 'SINGLE', 'SINGLE', 'SINGLE', 'SINGLE']",10.0
30,DOFPUL,C=CP(=O)(OCC)OCC.Cl.c1cccc1.c1cccc1,67,1,"[(0, 1), (1, 2), (1, 12), (1, 17), (1, 13), (1, 14), (1, 15), (1, 16), (1, 18), (1, 19), (1, 20), (1, 21)]","[0, 2, 12, 17, 13, 14, 15, 16, 18, 19, 20, 21]","[17, 8, 6, 6, 6, 6, 6, 6, 6, 6, 6, 6]","['SINGLE', 'SINGLE', 'SINGLE', 'SINGLE', 'SINGLE', 'SINGLE', 'SINGLE', 'SINGLE', 'SINGLE', 'SINGLE', 'SINGLE', 'SINGLE']",12.0
31,DUCQOH,Nc1nc(c2ccccn2)nc(c2ccccn2)n1.O.O.O=N(O)O.O=N(O)O,67,1,"[(0, 1), (1, 2), (1, 3), (1, 7), (1, 11), (1, 6), (1, 10), (1, 23), (1, 29)]","[0, 2, 3, 7, 11, 6, 10, 23, 29]","[8, 8, 8, 8, 7, 8, 8, 7, 7]","['SINGLE', 'SINGLE', 'SINGLE', 'SINGLE', 'SINGLE', 'SINGLE', 'SINGLE', 'SINGLE', 'SINGLE']",9.0
32,EDIFUU,CCCc1c(CCC)c(CCC)c(c2ccccc2)c1CCC.C[Si](C)(C)C.C[Si](C)(C)C.C[Si](C)(C)C,67,23,"[(3, 23), (4, 23), (8, 23), (12, 23), (19, 23), (23, 24), (23, 29), (23, 34)]","[3, 4, 8, 12, 19, 24, 29, 34]","[6, 6, 6, 6, 6, 6, 6, 6]","['SINGLE', 'SINGLE', 'SINGLE', 'SINGLE', 'SINGLE', 'SINGLE', 'SINGLE', 'SINGLE']",8.0
33,EFOCEJ,C(=NC1CCCCC1N=Cc1ccccn1)c1ccccn1.O=N(O)O.O=N(O)O.O=N(O)O,67,3,"[(2, 3), (3, 4), (3, 5), (3, 9), (3, 13), (3, 8), (3, 12), (3, 20), (3, 27), (3, 34)]","[2, 4, 5, 9, 13, 8, 12, 20, 27, 34]","[8, 8, 8, 8, 7, 8, 8, 7, 7, 7]","['SINGLE', 'SINGLE', 'SINGLE', 'SINGLE', 'SINGLE', 'SINGLE', 'SINGLE', 'SINGLE', 'SINGLE', 'SINGLE']",10.0
34,EFUHOD,O=C([O-])CN(CCN(CCN(CCN(CC(=O)[O-])CC(=O)O)CC(=O)O)CC(=O)O)CC(=O)[O-],67,18,"[(4, 18), (7, 18), (10, 18), (13, 18), (17, 18), (18, 19), (18, 23), (18, 27), (18, 31)]","[4, 7, 10, 13, 17, 19, 23, 27, 31]","[7, 7, 7, 7, 8, 8, 8, 8, 8]","['SINGLE', 'SINGLE', 'SINGLE', 'SINGLE', 'SINGLE', 'SINGLE', 'SINGLE', 'SINGLE', 'SINGLE']",9.0
35,EWIPUV,COCCOC.COCCOC.Cl.Cl.Cl,67,1,"[(0, 1), (1, 2), (1, 3), (1, 4), (1, 10), (1, 8), (1, 14)]","[0, 2, 3, 4, 10, 8, 14]","[17, 17, 17, 8, 8, 8, 8]","['SINGLE', 'SINGLE', 'SINGLE', 'SINGLE', 'SINGLE', 'SINGLE', 'SINGLE']",7.0
36,EWIVAH,Oc1cccccc1O.c1cnn([BH](n2cccn2)n2cccn2)c1.c1cnn([BH](n2cccn2)n2cccn2)c1,67,9,"[(0, 9), (8, 9), (9, 10), (9, 26), (9, 20), (9, 25), (9, 36), (9, 41)]","[0, 8, 10, 26, 20, 25, 36, 41]","[8, 8, 7, 7, 7, 7, 7, 7]","['SINGLE', 'SINGLE', 'SINGLE', 'SINGLE', 'SINGLE', 'SINGLE', 'SINGLE', 'SINGLE']",8.0
37,EZIPIP,O.O=C([O-])CN(CCN(CC(=O)[O-])CC(=O)O)CCN(CC(=O)O)CC(=O)O,67,1,"[(0, 1), (1, 2), (1, 6), (1, 9), (1, 12), (1, 16), (1, 20), (1, 24), (1, 28)]","[0, 2, 6, 9, 12, 16, 20, 24, 28]","[8, 8, 7, 7, 7, 8, 8, 8, 8]","['SINGLE', 'SINGLE', 'SINGLE', 'SINGLE', 'SINGLE', 'SINGLE', 'SINGLE', 'SINGLE', 'SINGLE']",9.0
38,FABSOT,O.O.O.O.O.O=C(O)c1c(F)c(F)c(F)c(F)c1F.O=C(O)c1c(F)c(F)c(F)c(F)c1F.O=C(O)c1c(F)c(F)c(F)c(F)c1F,67,1,"[(0, 1), (1, 2), (1, 3), (1, 4), (1, 5), (1, 6), (1, 20), (1, 34)]","[0, 2, 3, 4, 5, 6, 20, 34]","[8, 8, 8, 8, 8, 8, 8, 8]","['SINGLE', 'SINGLE', 'SINGLE', 'SINGLE', 'SINGLE', 'SINGLE', 'SINGLE', 'SINGLE']",8.0
39,FAGYOC,O.O.O.O.O.O.O=S1(=O)N=C(O)c2ccccc21.O=S1(=O)N=C(O)c2ccccc21,67,1,"[(0, 1), (1, 2), (1, 3), (1, 4), (1, 5), (1, 6), (1, 7), (1, 19)]","[0, 2, 3, 4, 5, 6, 7, 19]","[8, 8, 8, 8, 8, 8, 8, 8]","['SINGLE', 'SINGLE', 'SINGLE', 'SINGLE', 'SINGLE', 'SINGLE', 'SINGLE', 'SINGLE']",8.0
40,FALSOB,O.O=C([O-])CN(CC(=O)[O-])CC(=O)[O-].O=C([O-])CN(CC(=O)[O-])CC(=O)[O-],67,1,"[(0, 1), (1, 2), (1, 15), (1, 6), (1, 10), (1, 14), (1, 19), (1, 23), (1, 27)]","[0, 2, 15, 6, 10, 14, 19, 23, 27]","[8, 8, 8, 7, 8, 8, 7, 8, 8]","['SINGLE', 'SINGLE', 'SINGLE', 'SINGLE', 'SINGLE', 'SINGLE', 'SINGLE', 'SINGLE', 'SINGLE']",9.0
41,FIFXAV,C[Si](C)(C)c1cccc1.C[Si](C)(C)c1cccc1.C[Si](C)(C)c1cccc1,67,9,"[(4, 9), (5, 9), (6, 9), (7, 9), (8, 9), (9, 10), (9, 19), (9, 11), (9, 12), (9, 13), (9, 14), (9, 20), (9, 21), (9, 22), (9, 23)]","[4, 5, 6, 7, 8, 10, 19, 11, 12, 13, 14, 20, 21, 22, 23]","[6, 6, 6, 6, 6, 6, 6, 6, 6, 6, 6, 6, 6, 6, 6]","['SINGLE', 'SINGLE', 'SINGLE', 'SINGLE', 'SINGLE', 'SINGLE', 'SINGLE', 'SINGLE', 'SINGLE', 'SINGLE', 'SINGLE', 'SINGLE', 'SINGLE', 'SINGLE', 'SINGLE']",15.0
42,FOSRUB,Nc1ccc(N=Nc2ccc(S(=O)(=O)O)cc2)cc1.Nc1ccc(N=Nc2ccc(S(=O)(=O)O)cc2)cc1.Nc1ccc(N=Nc2ccc(S(=O)(=O)O)cc2)cc1.O.c1cnc2c(c1)ccc1cccnc12.c1cnc2c(c1)ccc1cccnc12,67,1,"[(0, 1), (1, 2), (1, 21), (1, 40), (1, 59), (1, 73), (1, 70), (1, 84)]","[0, 2, 21, 40, 59, 73, 70, 84]","[8, 8, 8, 8, 7, 7, 7, 7]","['SINGLE', 'SINGLE', 'SINGLE', 'SINGLE', 'SINGLE', 'SINGLE', 'SINGLE', 'SINGLE']",8.0
43,FUFZIP,[H]B([H])([H])C.[H]B([H])([H])C.[H]B([H])([H])C.c1ccncc1.c1ccncc1,67,4,"[(0, 4), (1, 4), (3, 4), (4, 5), (4, 6), (4, 11), (4, 16), (4, 22), (4, 7), (4, 9), (4, 10), (4, 12), (4, 14), (4, 15)]","[0, 1, 3, 5, 6, 11, 16, 22, 7, 9, 10, 12, 14, 15]","[1, 5, 1, 1, 1, 1, 7, 7, 5, 1, 1, 5, 1, 1]","['SINGLE', 'SINGLE', 'SINGLE', 'SINGLE', 'SINGLE', 'SINGLE', 'SINGLE', 'SINGLE', 'SINGLE', 'SINGLE', 'SINGLE', 'SINGLE', 'SINGLE', 'SINGLE']",14.0
44,FUQBID,Oc1c(-c2ccccc2)cccc1-c1ccccc1.Oc1c(-c2ccccc2)cccc1-c1ccccc1.Oc1c(-c2ccccc2)cccc1-c1ccccc1.[O-]c1c(-c2ccccc2)cccc1-c1ccccc1,67,19,"[(0, 19), (19, 20), (19, 39), (19, 58)]","[0, 20, 39, 58]","[8, 8, 8, 8]","['SINGLE', 'SINGLE', 'SINGLE', 'SINGLE']",4.0
45,FUXRIZ,Cl.Cl.Cl.OCCOCCOCCO,67,1,"[(0, 1), (1, 2), (1, 3), (1, 4), (1, 7), (1, 10), (1, 13)]","[0, 2, 3, 4, 7, 10, 13]","[17, 17, 17, 8, 8, 8, 8]","['SINGLE', 'SINGLE', 'SINGLE', 'SINGLE', 'SINGLE', 'SINGLE', 'SINGLE']",7.0
46,GAJZAT,C(=NCCN=Cc1ccccn1)c1ccccn1.O=N(O)O.O=N(O)O.O=N(O)O,67,3,"[(2, 3), (3, 4), (3, 5), (3, 9), (3, 13), (3, 8), (3, 12), (3, 20), (3, 23), (3, 30)]","[2, 4, 5, 9, 13, 8, 12, 20, 23, 30]","[8, 8, 8, 8, 7, 8, 8, 7, 7, 7]","['SINGLE', 'SINGLE', 'SINGLE', 'SINGLE', 'SINGLE', 'SINGLE', 'SINGLE', 'SINGLE', 'SINGLE', 'SINGLE']",10.0
47,GAKCOL,C(=NCCCN=Cc1ccccn1)c1ccccn1.O=N(O)O.O=N(O)O.O=N(O)O,67,3,"[(2, 3), (3, 4), (3, 5), (3, 9), (3, 13), (3, 8), (3, 12), (3, 20), (3, 24), (3, 31)]","[2, 4, 5, 9, 13, 8, 12, 20, 24, 31]","[8, 8, 8, 8, 7, 8, 8, 7, 7, 7]","['SINGLE', 'SINGLE', 'SINGLE', 'SINGLE', 'SINGLE', 'SINGLE', 'SINGLE', 'SINGLE', 'SINGLE', 'SINGLE']",10.0
48,GAKYIA,Cc1ccc(S(=O)(=O)O)cc1.Cc1ccc(S(=O)(=O)O)cc1.O.O.O.O.O.O,67,1,"[(0, 1), (1, 2), (1, 3), (1, 4), (1, 5), (1, 6), (1, 7), (1, 18)]","[0, 2, 3, 4, 5, 6, 7, 18]","[8, 8, 8, 8, 8, 8, 8, 8]","['SINGLE', 'SINGLE', 'SINGLE', 'SINGLE', 'SINGLE', 'SINGLE', 'SINGLE', 'SINGLE']",8.0
49,GAMFUX,O=C(O)O.O=C([O-])O.O=C([O-])[O-].O=C([O-])[O-],67,3,"[(2, 3), (3, 4), (3, 5), (3, 9), (3, 13), (3, 8), (3, 12), (3, 16)]","[2, 4, 5, 9, 13, 8, 12, 16]","[8, 8, 8, 8, 8, 8, 8, 8]","['SINGLE', 'SINGLE', 'SINGLE', 'SINGLE', 'SINGLE', 'SINGLE', 'SINGLE', 'SINGLE']",8.0
50,GAXTUX,Cc1c(C)c(C)c(C)c1C.Cc1c(C)c(C)c(C)c1C.c1ccc([B-](c2ccccc2)(c2ccccc2)c2ccccc2)cc1,67,10,"[(1, 10), (2, 10), (4, 10), (6, 10), (8, 10), (10, 11), (10, 36), (10, 35), (10, 38), (10, 40), (10, 42), (10, 44)]","[1, 2, 4, 6, 8, 11, 36, 35, 38, 40, 42, 44]","[6, 6, 6, 6, 6, 6, 6, 6, 6, 6, 6, 6]","['SINGLE', 'SINGLE', 'SINGLE', 'SINGLE', 'SINGLE', 'SINGLE', 'SINGLE', 'SINGLE', 'SINGLE', 'SINGLE', 'SINGLE', 'SINGLE']",12.0
51,GELPET,Cc1cc2c([O-])c(c1)C=[NH+]CCC[NH+]=Cc1cc(C)cc(c1[O-])C=NCCCN=C2.O=N(O)O.O=N(O)O.O=N(O)O,67,28,"[(18, 28), (22, 28), (27, 28), (28, 29), (28, 33), (28, 37), (28, 41), (28, 32), (28, 36), (28, 40)]","[18, 22, 27, 29, 33, 37, 41, 32, 36, 40]","[7, 7, 8, 8, 8, 8, 8, 8, 8, 8]","['SINGLE', 'SINGLE', 'SINGLE', 'SINGLE', 'SINGLE', 'SINGLE', 'SINGLE', 'SINGLE', 'SINGLE', 'SINGLE']",10.0
52,GETLIE,Cl.Cl.Cl.[Cl-].c1cncc(-c2cc[nH]n2)c1.c1cncc(-c2cc[nH]n2)c1,67,1,"[(0, 1), (1, 2), (1, 3), (1, 4), (1, 5), (1, 16)]","[0, 2, 3, 4, 5, 16]","[17, 17, 17, 17, 7, 7]","['SINGLE', 'SINGLE', 'SINGLE', 'SINGLE', 'SINGLE', 'SINGLE']",6.0
53,GETQOM,O=C([O-])CN(CC(=O)O)CC(=O)O.O=C([O-])CN(CC(=O)[O-])CC(=O)O,67,3,"[(2, 3), (3, 4), (3, 14), (3, 8), (3, 13), (3, 18), (3, 22), (3, 26)]","[2, 4, 14, 8, 13, 18, 22, 26]","[8, 8, 8, 7, 8, 7, 8, 8]","['SINGLE', 'SINGLE', 'SINGLE', 'SINGLE', 'SINGLE', 'SINGLE', 'SINGLE', 'SINGLE']",8.0
54,GEZXOA,CCO.O=N(O)O.O=N(O)O.O=N(O)O.OCC(O)C(O)CO,67,3,"[(2, 3), (3, 4), (3, 8), (3, 12), (3, 16), (3, 7), (3, 11), (3, 15), (3, 19), (3, 21)]","[2, 4, 8, 12, 16, 7, 11, 15, 19, 21]","[8, 8, 8, 8, 8, 8, 8, 8, 8, 8]","['SINGLE', 'SINGLE', 'SINGLE', 'SINGLE', 'SINGLE', 'SINGLE', 'SINGLE', 'SINGLE', 'SINGLE', 'SINGLE']",10.0
55,GIFLIQ,C1CCOC1.Cc1c(C)c(C)c(C)c1C.Cc1c(C)c(C)c(C)c1C.Cl,67,1,"[(0, 1), (1, 2), (1, 7), (1, 17), (1, 9), (1, 11), (1, 13), (1, 15), (1, 19), (1, 21), (1, 23), (1, 25)]","[0, 2, 7, 17, 9, 11, 13, 15, 19, 21, 23, 25]","[17, 8, 6, 6, 6, 6, 6, 6, 6, 6, 6, 6]","['SINGLE', 'SINGLE', 'SINGLE', 'SINGLE', 'SINGLE', 'SINGLE', 'SINGLE', 'SINGLE', 'SINGLE', 'SINGLE', 'SINGLE', 'SINGLE']",12.0
56,GIJKUH,NC(=O)NC(N)=O.NC(=O)NC(N)=O.O.O.O.O,67,1,"[(0, 1), (1, 2), (1, 3), (1, 4), (1, 5), (1, 12), (1, 10), (1, 17)]","[0, 2, 3, 4, 5, 12, 10, 17]","[8, 8, 8, 8, 8, 8, 8, 8]","['SINGLE', 'SINGLE', 'SINGLE', 'SINGLE', 'SINGLE', 'SINGLE', 'SINGLE', 'SINGLE']",8.0
57,GIMXUZ,CC(=[NH+]CCCCCC[NH+]=C(C)c1ccccc1[O-])c1ccccc1[O-].CO.O=N(O)O.O=N(O)O.O=N(O)O,67,2,"[(1, 2), (2, 3), (2, 7), (2, 11), (2, 15), (2, 6), (2, 10), (2, 14), (2, 39)]","[1, 3, 7, 11, 15, 6, 10, 14, 39]","[8, 8, 8, 8, 8, 8, 8, 8, 8]","['SINGLE', 'SINGLE', 'SINGLE', 'SINGLE', 'SINGLE', 'SINGLE', 'SINGLE', 'SINGLE', 'SINGLE']",9.0
58,GINREA,C1COCCOCCOCCO1.O.O.O.O.O,67,1,"[(0, 1), (1, 2), (1, 3), (1, 4), (1, 5), (1, 6), (1, 9), (1, 12), (1, 15)]","[0, 2, 3, 4, 5, 6, 9, 12, 15]","[8, 8, 8, 8, 8, 8, 8, 8, 8]","['SINGLE', 'SINGLE', 'SINGLE', 'SINGLE', 'SINGLE', 'SINGLE', 'SINGLE', 'SINGLE', 'SINGLE']",9.0
59,GISTEK,CC(C)(C)c1cc(C(C)(C)C)nn1.CC(C)(C)c1cc(C(C)(C)C)nn1.CC(C)(C)c1cc(C(C)(C)C)nn1.c1ccncc1.c1ccncc1,67,9,"[(7, 9), (8, 9), (9, 10), (9, 16), (9, 22), (9, 35), (9, 23), (9, 36)]","[7, 8, 10, 16, 22, 35, 23, 36]","[7, 7, 7, 7, 7, 7, 7, 7]","['SINGLE', 'SINGLE', 'SINGLE', 'SINGLE', 'SINGLE', 'SINGLE', 'SINGLE', 'SINGLE']",8.0
60,GODKOZ,O.O=C(O)CN1CCN(CC(=O)O)CCN(CC(=O)O)CCN(CC(=O)O)CC1,67,1,"[(0, 1), (1, 2), (1, 6), (1, 9), (1, 12), (1, 15), (1, 21), (1, 25), (1, 29)]","[0, 2, 6, 9, 12, 15, 21, 25, 29]","[8, 8, 7, 7, 7, 7, 8, 8, 8]","['SINGLE', 'SINGLE', 'SINGLE', 'SINGLE', 'SINGLE', 'SINGLE', 'SINGLE', 'SINGLE', 'SINGLE']",9.0
61,GOGJET,O=N(O)O.O=N(O)O.O=N(O)O.c1cnc(c2ncccn2)nc1.c1cnc(c2ncccn2)nc1,67,3,"[(2, 3), (3, 4), (3, 5), (3, 9), (3, 13), (3, 25), (3, 8), (3, 12), (3, 24), (3, 36)]","[2, 4, 5, 9, 13, 25, 8, 12, 24, 36]","[8, 8, 8, 8, 7, 7, 8, 8, 7, 7]","['SINGLE', 'SINGLE', 'SINGLE', 'SINGLE', 'SINGLE', 'SINGLE', 'SINGLE', 'SINGLE', 'SINGLE', 'SINGLE']",10.0
62,HANCII,O.O.O.OCCOCCOCCOCCOCCO,67,1,"[(0, 1), (1, 2), (1, 3), (1, 4), (1, 7), (1, 10), (1, 13), (1, 16), (1, 19)]","[0, 2, 3, 4, 7, 10, 13, 16, 19]","[8, 8, 8, 8, 8, 8, 8, 8, 8]","['SINGLE', 'SINGLE', 'SINGLE', 'SINGLE', 'SINGLE', 'SINGLE', 'SINGLE', 'SINGLE', 'SINGLE']",9.0
63,HAXZOX,CC1(C)N(O)C(c2ccccn2)=[N+]([O-])C1(C)C.CC1(C)N(O)C(c2ccccn2)=[N+]([O-])C1(C)C.O=N(O)O.O=N(O)O.O=N(O)O,67,8,"[(7, 8), (8, 9), (8, 13), (8, 17), (8, 21), (8, 38), (8, 12), (8, 16), (8, 20), (8, 37)]","[7, 9, 13, 17, 21, 38, 12, 16, 20, 37]","[8, 8, 8, 8, 8, 7, 8, 8, 8, 7]","['SINGLE', 'SINGLE', 'SINGLE', 'SINGLE', 'SINGLE', 'SINGLE', 'SINGLE', 'SINGLE', 'SINGLE', 'SINGLE']",10.0
64,HEMKAP,O=N(O)O.O=N(O)O.O=N(O)O.O=N([O-])O.O=N([O-])O,67,3,"[(2, 3), (3, 4), (3, 5), (3, 9), (3, 13), (3, 17), (3, 8), (3, 12), (3, 16), (3, 20)]","[2, 4, 5, 9, 13, 17, 8, 12, 16, 20]","[8, 8, 8, 8, 8, 8, 8, 8, 8, 8]","['SINGLE', 'SINGLE', 'SINGLE', 'SINGLE', 'SINGLE', 'SINGLE', 'SINGLE', 'SINGLE', 'SINGLE', 'SINGLE']",10.0
65,HEMMAR,O=N(O)O.O=N(O)O.O=N(O)O.O=N([O-])O.O=N([O-])O,67,3,"[(2, 3), (3, 4), (3, 5), (3, 9), (3, 13), (3, 17), (3, 8), (3, 12), (3, 16), (3, 20)]","[2, 4, 5, 9, 13, 17, 8, 12, 16, 20]","[8, 8, 8, 8, 8, 8, 8, 8, 8, 8]","['SINGLE', 'SINGLE', 'SINGLE', 'SINGLE', 'SINGLE', 'SINGLE', 'SINGLE', 'SINGLE', 'SINGLE', 'SINGLE']",10.0
66,HEQCOW,COCCOC.COCCOC.O=N(O)O.O=N(O)O.O=N(O)O,67,6,"[(1, 6), (4, 6), (6, 7), (6, 11), (6, 15), (6, 19), (6, 10), (6, 14), (6, 18), (6, 23)]","[1, 4, 7, 11, 15, 19, 10, 14, 18, 23]","[8, 8, 8, 8, 8, 8, 8, 8, 8, 8]","['SINGLE', 'SINGLE', 'SINGLE', 'SINGLE', 'SINGLE', 'SINGLE', 'SINGLE', 'SINGLE', 'SINGLE', 'SINGLE']",10.0
67,HIMKEV,O.Oc1c(F)c(F)c(F)c(F)c1F.Oc1c(F)c(F)c(F)c(F)c1F.Oc1c(F)c(F)c(F)c(F)c1F.c1cnc2c(c1)ccc1cccnc12.c1cnc2c(c1)ccc1cccnc12,67,1,"[(0, 1), (1, 2), (1, 14), (1, 26), (1, 38), (1, 52), (1, 49), (1, 63)]","[0, 2, 14, 26, 38, 52, 49, 63]","[8, 8, 8, 8, 7, 7, 7, 7]","['SINGLE', 'SINGLE', 'SINGLE', 'SINGLE', 'SINGLE', 'SINGLE', 'SINGLE', 'SINGLE']",8.0
68,HIRVUD,C.CC(C)c1cccc(C(C)C)c1P.CC1=CC(C(C)(C)C)=NN1[BH](N1N=C(C(C)(C)C)C=C1C)N1N=C(C(C)(C)C)C=C1C,67,1,"[(0, 1), (1, 2), (1, 15), (1, 23), (1, 33)]","[0, 2, 15, 23, 33]","[6, 15, 7, 7, 7]","['SINGLE', 'SINGLE', 'SINGLE', 'SINGLE', 'SINGLE']",5.0
69,HIZGIH,C[Si](C)(C)C.C[Si](C)(C)C.Cc1cc(C)c(N2C=CN(CCc3ccc4ccccc34)C2)c(C)c1,67,21,"[(12, 21), (13, 21), (14, 21), (15, 21), (20, 21), (21, 22), (21, 27), (21, 32)]","[12, 13, 14, 15, 20, 22, 27, 32]","[6, 6, 6, 6, 6, 6, 6, 6]","['SINGLE', 'SINGLE', 'SINGLE', 'SINGLE', 'SINGLE', 'SINGLE', 'SINGLE', 'SINGLE']",8.0
70,HIZMEK,CN1C=CN([BH2]N2C=CN(C)C2)C1.CN1C=CN([BH2]N2C=CN(C)C2)C1.CN1C=CN([BH2]N2C=CN(C)C2)C1,67,12,"[(11, 12), (12, 13), (12, 14), (12, 27), (12, 26), (12, 39)]","[11, 13, 14, 27, 26, 39]","[6, 6, 6, 6, 6, 6]","['SINGLE', 'SINGLE', 'SINGLE', 'SINGLE', 'SINGLE', 'SINGLE']",6.0
71,HIZMIO,Cc1ccn([BH2]n2ccc(C)n2)n1.Cc1ccn([BH2]n2ccc(C)n2)n1.Cc1ccn([BH2]n2ccc(C)n2)n1,67,12,"[(11, 12), (12, 13), (12, 14), (12, 27), (12, 26), (12, 39)]","[11, 13, 14, 27, 26, 39]","[7, 7, 7, 7, 7, 7]","['SINGLE', 'SINGLE', 'SINGLE', 'SINGLE', 'SINGLE', 'SINGLE']",6.0
72,HODYUX,O=N(O)O.Oc1c(C=Nc2cccc3cccnc23)cc2c3c1CCCN3CCC2.Oc1c(C=Nc2cccc3cccnc23)cc2c3c1CCCN3CCC2,67,3,"[(2, 3), (3, 4), (3, 30), (3, 56), (3, 8), (3, 17), (3, 34), (3, 43)]","[2, 4, 30, 56, 8, 17, 34, 43]","[8, 8, 8, 8, 7, 7, 7, 7]","['SINGLE', 'SINGLE', 'SINGLE', 'SINGLE', 'SINGLE', 'SINGLE', 'SINGLE', 'SINGLE']",8.0
73,HOESUL,O.O.O.O.O.O.O.O.O,67,1,"[(0, 1), (1, 2), (1, 3), (1, 4), (1, 5), (1, 6), (1, 7), (1, 8), (1, 9)]","[0, 2, 3, 4, 5, 6, 7, 8, 9]","[8, 8, 8, 8, 8, 8, 8, 8, 8]","['SINGLE', 'SINGLE', 'SINGLE', 'SINGLE', 'SINGLE', 'SINGLE', 'SINGLE', 'SINGLE', 'SINGLE']",9.0
74,HOVLOV,O.O.O.O.O=C(O)c1c[nH]nc1C(=O)O.O=C(O)c1c[nH]nc1C(=O)O.O=C(O)c1c[nH]nc1C(=O)O,67,1,"[(0, 1), (1, 2), (1, 3), (1, 4), (1, 5), (1, 16), (1, 27), (1, 20), (1, 31)]","[0, 2, 3, 4, 5, 16, 27, 20, 31]","[8, 8, 8, 8, 8, 8, 8, 7, 7]","['SINGLE', 'SINGLE', 'SINGLE', 'SINGLE', 'SINGLE', 'SINGLE', 'SINGLE', 'SINGLE', 'SINGLE']",9.0
75,HUGPOO,O.O.O.O.O=C1N2CN3C(=O)N4CN5C(=O)N6CN7C(=O)N8CN9C(=O)N%10CN%11C(=O)N%12CN1C1C2N2CN%13C(=O)N(CN%14C(=O)N(CN%15C(=O)N(CN%16C(=O)N(CN%17C(=O)N(CN1C2=O)C%12C%11%17)C%10C9%16)C8C7%15)C6C5%14)C4C3%13.O=N(O)O,67,1,"[(0, 1), (1, 2), (1, 3), (1, 4), (1, 5), (1, 9), (1, 8), (1, 52)]","[0, 2, 3, 4, 5, 9, 8, 52]","[8, 8, 8, 8, 8, 8, 8, 8]","['SINGLE', 'SINGLE', 'SINGLE', 'SINGLE', 'SINGLE', 'SINGLE', 'SINGLE', 'SINGLE']",8.0
76,HULQUC,NCCN.NCCNCCNCCN.[S-][SbH]([S-])(S)S,67,4,"[(3, 4), (4, 5), (4, 6), (4, 10), (4, 9), (4, 13), (4, 16), (4, 19)]","[3, 5, 6, 10, 9, 13, 16, 19]","[16, 16, 7, 7, 7, 7, 7, 7]","['SINGLE', 'SINGLE', 'SINGLE', 'SINGLE', 'SINGLE', 'SINGLE', 'SINGLE', 'SINGLE']",8.0
77,IHACUQ,O.O.O.O=N(O)c1cccc([N+](=O)[O-])c1O.O=N(O)c1cccc([N+](=O)[O-])c1O.O=N(O)c1cccc([N+](=O)[O-])c1O,67,1,"[(0, 1), (1, 2), (1, 3), (1, 4), (1, 17), (1, 30), (1, 16), (1, 29), (1, 42)]","[0, 2, 3, 4, 17, 30, 16, 29, 42]","[8, 8, 8, 8, 8, 8, 8, 8, 8]","['SINGLE', 'SINGLE', 'SINGLE', 'SINGLE', 'SINGLE', 'SINGLE', 'SINGLE', 'SINGLE', 'SINGLE']",9.0
78,IPOGOM,O.O.O.O.O.O=P(N1CCCC1)(N1CCCC1)N1CCCC1.O=P(N1CCCC1)(N1CCCC1)N1CCCC1,67,1,"[(0, 1), (1, 2), (1, 3), (1, 4), (1, 5), (1, 6), (1, 23)]","[0, 2, 3, 4, 5, 6, 23]","[8, 8, 8, 8, 8, 8, 8]","['SINGLE', 'SINGLE', 'SINGLE', 'SINGLE', 'SINGLE', 'SINGLE', 'SINGLE']",7.0
79,IPOGUS,O.O.O.O.O.O=P(N1CCCC1)(N1CCCC1)N1CCCC1.O=P(N1CCCC1)(N1CCCC1)N1CCCC1,67,1,"[(0, 1), (1, 2), (1, 3), (1, 4), (1, 5), (1, 6), (1, 23)]","[0, 2, 3, 4, 5, 6, 23]","[8, 8, 8, 8, 8, 8, 8]","['SINGLE', 'SINGLE', 'SINGLE', 'SINGLE', 'SINGLE', 'SINGLE', 'SINGLE']",7.0
80,IQIBUH,C(#CC1CC1)C(=NC1CCCCC1)NC1CCCCC1.C1=CC=CC=CC=C1.C1CCOC1,67,15,"[(6, 15), (8, 15), (15, 16), (15, 21), (15, 22), (15, 23), (15, 24), (15, 25), (15, 26), (15, 27), (15, 28)]","[6, 8, 16, 21, 22, 23, 24, 25, 26, 27, 28]","[7, 7, 8, 6, 6, 6, 6, 6, 6, 6, 6]","['SINGLE', 'SINGLE', 'SINGLE', 'SINGLE', 'SINGLE', 'SINGLE', 'SINGLE', 'SINGLE', 'SINGLE', 'SINGLE', 'SINGLE']",11.0
81,IRISOU,Cl.Cl.O.[O-][n+]1cccc2cccc(O)c21.c1cnc2c(c1)ccc1cccnc12,67,1,"[(0, 1), (1, 2), (1, 3), (1, 4), (1, 16), (1, 14), (1, 27)]","[0, 2, 3, 4, 16, 14, 27]","[8, 17, 17, 8, 7, 8, 7]","['SINGLE', 'SINGLE', 'SINGLE', 'SINGLE', 'SINGLE', 'SINGLE', 'SINGLE']",7.0
82,IWAPEB,CC(C)(C)c1cc(C(C)(C)C)nn1.CC(C)(C)c1cc(C(C)(C)C)nn1.Cc1cc2c3c4c1[Na]2341567(n2c(C(C)(C)C)cc(C(C)(C)C)n21)n1n5c6(C(C)(C)C)cc17C(C)(C)C,67,13,"[(8, 13), (12, 13), (13, 14), (13, 27), (13, 40), (13, 15), (13, 28), (13, 41)]","[8, 12, 14, 27, 40, 15, 28, 41]","[7, 7, 7, 7, 7, 7, 7, 7]","['SINGLE', 'SINGLE', 'SINGLE', 'SINGLE', 'SINGLE', 'SINGLE', 'SINGLE', 'SINGLE']",8.0
83,JARYIK,CN1CCN(C)(C)[Li]12N(C)CCN2(C)C.CNCCN(C)C.CNCCN(C)C,67,7,"[(1, 7), (4, 7), (7, 8), (7, 15), (7, 12), (7, 23)]","[1, 4, 8, 15, 12, 23]","[7, 7, 7, 7, 7, 7]","['SINGLE', 'SINGLE', 'SINGLE', 'SINGLE', 'SINGLE', 'SINGLE']",6.0
84,JORJUY,O=N(O)O.O=N(O)O.O=N(O)O.c1ccc(c2ccccn2)nc1.c1ccc(c2ccccn2)nc1,67,3,"[(2, 3), (3, 4), (3, 5), (3, 9), (3, 13), (3, 25), (3, 8), (3, 12), (3, 24), (3, 36)]","[2, 4, 5, 9, 13, 25, 8, 12, 24, 36]","[8, 8, 8, 8, 7, 7, 8, 8, 7, 7]","['SINGLE', 'SINGLE', 'SINGLE', 'SINGLE', 'SINGLE', 'SINGLE', 'SINGLE', 'SINGLE', 'SINGLE', 'SINGLE']",10.0
85,JORMUB,O=N(O)O.O=N(O)O.O=N(O)O.c1cnc2c(c1)ccc1cccnc12.c1cnc2c(c1)ccc1cccnc12,67,3,"[(2, 3), (3, 4), (3, 5), (3, 9), (3, 13), (3, 27), (3, 8), (3, 12), (3, 24), (3, 38)]","[2, 4, 5, 9, 13, 27, 8, 12, 24, 38]","[8, 8, 8, 8, 7, 7, 8, 8, 7, 7]","['SINGLE', 'SINGLE', 'SINGLE', 'SINGLE', 'SINGLE', 'SINGLE', 'SINGLE', 'SINGLE', 'SINGLE', 'SINGLE']",10.0
86,JOWROE,O=C([O-])c1cccc(C(=O)O)n1.O=C([O-])c1cccc(C(=O)O)n1.O=C([O-])c1cccc(C(=O)O)n1,67,3,"[(2, 3), (3, 4), (3, 16), (3, 28), (3, 12), (3, 15), (3, 24), (3, 27), (3, 36)]","[2, 4, 16, 28, 12, 15, 24, 27, 36]","[8, 8, 8, 8, 7, 8, 7, 8, 7]","['SINGLE', 'SINGLE', 'SINGLE', 'SINGLE', 'SINGLE', 'SINGLE', 'SINGLE', 'SINGLE', 'SINGLE']",9.0
87,JUHPUA,CC(C)NP(=O)(NC(C)C)C(C)(C)C.CC(C)NP(=O)(NC(C)C)C(C)(C)C.O.O.O.O.O,67,1,"[(0, 1), (1, 2), (1, 3), (1, 4), (1, 5), (1, 6), (1, 20)]","[0, 2, 3, 4, 5, 6, 20]","[8, 8, 8, 8, 8, 8, 8]","['SINGLE', 'SINGLE', 'SINGLE', 'SINGLE', 'SINGLE', 'SINGLE', 'SINGLE']",7.0
88,KITGOJ,O.O.O.O.OCCOCCOCCOCCO,67,1,"[(0, 1), (1, 2), (1, 3), (1, 4), (1, 5), (1, 8), (1, 11), (1, 14), (1, 17)]","[0, 2, 3, 4, 5, 8, 11, 14, 17]","[8, 8, 8, 8, 8, 8, 8, 8, 8]","['SINGLE', 'SINGLE', 'SINGLE', 'SINGLE', 'SINGLE', 'SINGLE', 'SINGLE', 'SINGLE', 'SINGLE']",9.0
89,KITQAH,C(=NCCN=Cc1cccc(c2ccccn2)n1)c1cccc(c2ccccn2)n1.O=N(O)O.O=N(O)O,67,3,"[(2, 3), (3, 4), (3, 5), (3, 9), (3, 8), (3, 16), (3, 22), (3, 25), (3, 32), (3, 38)]","[2, 4, 5, 9, 8, 16, 22, 25, 32, 38]","[8, 8, 8, 7, 8, 7, 7, 7, 7, 7]","['SINGLE', 'SINGLE', 'SINGLE', 'SINGLE', 'SINGLE', 'SINGLE', 'SINGLE', 'SINGLE', 'SINGLE', 'SINGLE']",10.0
90,KOZVAZ,N=C=S.N=C=S.N=C=S.O.c1cnc2c(c1)ccc1cccnc12.c1cnc2c(c1)ccc1cccnc12,67,1,"[(0, 1), (1, 2), (1, 5), (1, 8), (1, 11), (1, 25), (1, 22), (1, 36)]","[0, 2, 5, 8, 11, 25, 22, 36]","[8, 7, 7, 7, 7, 7, 7, 7]","['SINGLE', 'SINGLE', 'SINGLE', 'SINGLE', 'SINGLE', 'SINGLE', 'SINGLE', 'SINGLE']",8.0
91,LASTII,Cl.Cl.Cl.Cl.O.O.O,67,1,"[(0, 1), (1, 2), (1, 3), (1, 4), (1, 5), (1, 6), (1, 7)]","[0, 2, 3, 4, 5, 6, 7]","[8, 8, 8, 17, 17, 17, 17]","['SINGLE', 'SINGLE', 'SINGLE', 'SINGLE', 'SINGLE', 'SINGLE', 'SINGLE']",7.0
92,LAXYOA,Cc1cc(=O)n(-c2ccccc2)n1C.Cc1cc(=O)n(-c2ccccc2)n1C.Cc1cc(=O)n(-c2ccccc2)n1C.Cc1cc(=O)n(-c2ccccc2)n1C.Cc1cc(=O)n(-c2ccccc2)n1C.Cc1cc(=O)n(-c2ccccc2)n1C,67,5,"[(4, 5), (5, 6), (5, 20), (5, 34), (5, 48), (5, 62)]","[4, 6, 20, 34, 48, 62]","[8, 8, 8, 8, 8, 8]","['SINGLE', 'SINGLE', 'SINGLE', 'SINGLE', 'SINGLE', 'SINGLE']",6.0
93,LEGCOQ,CCc1nnc(c2cccc(c3cccc(c4nnc(CC)c(CC)n4)n3)n2)nc1CC.O=N(O)O.O=N(O)O.O=N(O)O,67,16,"[(4, 16), (15, 16), (16, 17), (16, 21), (16, 25), (16, 29), (16, 20), (16, 24), (16, 28), (16, 44)]","[4, 15, 17, 21, 25, 29, 20, 24, 28, 44]","[7, 7, 8, 8, 8, 7, 8, 8, 8, 7]","['SINGLE', 'SINGLE', 'SINGLE', 'SINGLE', 'SINGLE', 'SINGLE', 'SINGLE', 'SINGLE', 'SINGLE', 'SINGLE']",10.0
94,LEVYAP,C(=NNc1nncc2ccccc12)c1ccccn1.O.O.O.O.O,67,1,"[(0, 1), (1, 2), (1, 3), (1, 4), (1, 5), (1, 6), (1, 13), (1, 16)]","[0, 2, 3, 4, 5, 6, 13, 16]","[8, 8, 8, 8, 8, 7, 7, 7]","['SINGLE', 'SINGLE', 'SINGLE', 'SINGLE', 'SINGLE', 'SINGLE', 'SINGLE', 'SINGLE']",8.0
95,LEXFOK,C1CCOC1.CC(C)c1cccc(C(C)C)c1N[Si](C)(C)C.C[Si](C)(C)C.C[Si](C)(C)C,67,17,"[(12, 17), (17, 18), (17, 23), (17, 28)]","[12, 18, 23, 28]","[7, 6, 6, 8]","['SINGLE', 'SINGLE', 'SINGLE', 'SINGLE']",4.0
96,LEYJEE,O.O.O.O=N(O)O.O=N(O)O.O=N(O)O,67,1,"[(0, 1), (1, 2), (1, 3), (1, 4), (1, 8), (1, 12), (1, 7), (1, 11), (1, 15)]","[0, 2, 3, 4, 8, 12, 7, 11, 15]","[8, 8, 8, 8, 8, 8, 8, 8, 8]","['SINGLE', 'SINGLE', 'SINGLE', 'SINGLE', 'SINGLE', 'SINGLE', 'SINGLE', 'SINGLE', 'SINGLE']",9.0
97,LIMWIO,CC(C)C1COC(C(C)(C2=NC(C(C)C)CO2)C2=NC(C(C)C)CO2)=N1.C[Si](C)(C)C.C[Si](C)(C)C.C[Si](C)(C)C,67,8,"[(7, 8), (8, 9), (8, 14), (8, 19), (8, 24), (8, 35)]","[7, 9, 14, 19, 24, 35]","[7, 6, 6, 6, 7, 7]","['SINGLE', 'SINGLE', 'SINGLE', 'SINGLE', 'SINGLE', 'SINGLE']",6.0
98,LIZPAL,O.O.O.O=C([O-])CN(CCN(CC(=O)O)CC(=O)O)CC(=O)O,67,1,"[(0, 1), (1, 2), (1, 3), (1, 4), (1, 8), (1, 11), (1, 15), (1, 19), (1, 23)]","[0, 2, 3, 4, 8, 11, 15, 19, 23]","[8, 8, 8, 8, 7, 7, 8, 8, 8]","['SINGLE', 'SINGLE', 'SINGLE', 'SINGLE', 'SINGLE', 'SINGLE', 'SINGLE', 'SINGLE', 'SINGLE']",9.0
99,LIZPUF,O.O.O=C([O-])CN(CCN(CC(=O)O)CC(=O)O)CC(=O)O,67,1,"[(0, 1), (1, 2), (1, 3), (1, 7), (1, 10), (1, 14), (1, 18), (1, 22)]","[0, 2, 3, 7, 10, 14, 18, 22]","[8, 8, 8, 7, 7, 8, 8, 8]","['SINGLE', 'SINGLE', 'SINGLE', 'SINGLE', 'SINGLE', 'SINGLE', 'SINGLE', 'SINGLE']",8.0
100,MALKUF,O.O=N(O)O.O=N(O)O.O=N(O)O.c1ccc(c2cccc(c3ccccn3)n2)nc1,67,1,"[(0, 1), (1, 2), (1, 6), (1, 10), (1, 14), (1, 5), (1, 9), (1, 13), (1, 25), (1, 31)]","[0, 2, 6, 10, 14, 5, 9, 13, 25, 31]","[8, 8, 8, 8, 7, 8, 8, 8, 7, 7]","['SINGLE', 'SINGLE', 'SINGLE', 'SINGLE', 'SINGLE', 'SINGLE', 'SINGLE', 'SINGLE', 'SINGLE', 'SINGLE']",10.0
101,MEHSUN,C1CCOC1.C1CCOC1.C1CCOC1.Cl.Cl.c1ccc2cccc2c1,67,1,"[(0, 1), (1, 2), (1, 3), (1, 8), (1, 13), (1, 18), (1, 19), (1, 20), (1, 25), (1, 26)]","[0, 2, 3, 8, 13, 18, 19, 20, 25, 26]","[17, 17, 8, 8, 8, 6, 6, 6, 6, 6]","['SINGLE', 'SINGLE', 'SINGLE', 'SINGLE', 'SINGLE', 'SINGLE', 'SINGLE', 'SINGLE', 'SINGLE', 'SINGLE']",10.0
102,MIBTEX,O=N(O)c1cc([N+](=O)[O-])cc([N+](=O)[O-])c1O.O=[N+]([O-])c1cc([N+](=O)[O-])c(O)c([N+](=O)[O-])c1.OCCOCCOCCOCCOCCO,67,3,"[(2, 3), (3, 4), (3, 17), (3, 33), (3, 36), (3, 39), (3, 42), (3, 45), (3, 48)]","[2, 4, 17, 33, 36, 39, 42, 45, 48]","[8, 8, 8, 8, 8, 8, 8, 8, 8]","['SINGLE', 'SINGLE', 'SINGLE', 'SINGLE', 'SINGLE', 'SINGLE', 'SINGLE', 'SINGLE', 'SINGLE']",9.0
103,MIJHOG,C1CCOC1.C1CCOC1.C1CCOC1.CCc1cccc(CC)c1N=CNc1c(CC)cccc1CC.I.I,67,1,"[(0, 1), (1, 2), (1, 3), (1, 26), (1, 31), (1, 36), (1, 5)]","[0, 2, 3, 26, 31, 36, 5]","[53, 53, 7, 8, 8, 8, 7]","['SINGLE', 'SINGLE', 'SINGLE', 'SINGLE', 'SINGLE', 'SINGLE', 'SINGLE']",7.0
104,MIMJIE,Cc1ccc2c(Br)cc(Br)c(O)c2n1.Cc1ccc2c(Br)cc(Br)c(O)c2n1.O=N(O)O.c1cnc2c(c1)ccc1cccnc12,67,12,"[(11, 12), (12, 13), (12, 27), (12, 31), (12, 45), (12, 25), (12, 30), (12, 42)]","[11, 13, 27, 31, 45, 25, 30, 42]","[8, 8, 8, 7, 7, 7, 8, 7]","['SINGLE', 'SINGLE', 'SINGLE', 'SINGLE', 'SINGLE', 'SINGLE', 'SINGLE', 'SINGLE']",8.0
105,MIMJUQ,Cc1ccc2c(Cl)cc(Cl)c(O)c2n1.Cc1ccc2c(Cl)cc(Cl)c(O)c2n1.O=N(O)O.c1cnc2c(c1)ccc1cccnc12,67,12,"[(11, 12), (12, 13), (12, 27), (12, 31), (12, 45), (12, 25), (12, 30), (12, 42)]","[11, 13, 27, 31, 45, 25, 30, 42]","[8, 8, 8, 7, 7, 7, 8, 7]","['SINGLE', 'SINGLE', 'SINGLE', 'SINGLE', 'SINGLE', 'SINGLE', 'SINGLE', 'SINGLE']",8.0
106,MIPVOZ,CN(C)C=O[Na]12(Oc3c(Br)cc(Br)c4cccnc34)(Oc3c(cc(Br)c4cccnc34)Br1)Oc1c(cc(Br)c3cccnc13)Br2.Oc1c(Br)cc(Br)c2cccnc12,67,19,"[(15, 19), (18, 19), (19, 20), (19, 33), (19, 46), (19, 31), (19, 44), (19, 57)]","[15, 18, 20, 33, 46, 31, 44, 57]","[7, 8, 8, 8, 8, 7, 7, 7]","['SINGLE', 'SINGLE', 'SINGLE', 'SINGLE', 'SINGLE', 'SINGLE', 'SINGLE', 'SINGLE']",8.0
107,MIPWIU,CN(C)C=O[Na]12(Oc3c(I)cc(Cl)c4cccnc34)(Oc3c(cc(Cl)c4cccnc34)[IH]1)Oc1c(cc(Cl)c3cccnc13)[IH]2.Oc1c(I)cc(Cl)c2cccnc12,67,19,"[(15, 19), (18, 19), (19, 20), (19, 33), (19, 46), (19, 31), (19, 44), (19, 57)]","[15, 18, 20, 33, 46, 31, 44, 57]","[7, 8, 8, 8, 8, 7, 7, 7]","['SINGLE', 'SINGLE', 'SINGLE', 'SINGLE', 'SINGLE', 'SINGLE', 'SINGLE', 'SINGLE']",8.0
108,MOGWUB,Cc1ccccc1N(C)C.Cc1ccccc1N(C)C.Cc1ccccc1N(C)C,67,10,"[(1, 10), (9, 10), (10, 11), (10, 21), (10, 18), (10, 28)]","[1, 9, 11, 21, 18, 28]","[7, 6, 6, 6, 7, 7]","['SINGLE', 'SINGLE', 'SINGLE', 'SINGLE', 'SINGLE', 'SINGLE']",6.0
109,MOKYIW,COc1cccc(C=[NH+]CC[NH+]=Cc2cccc(OC)c2[O-])c1[O-].O=N(O)O.O=N(O)O.O=N(O)O,67,20,"[(1, 20), (18, 20), (20, 21), (20, 25), (20, 29), (20, 33), (20, 35), (20, 24), (20, 28), (20, 32)]","[1, 18, 21, 25, 29, 33, 35, 24, 28, 32]","[8, 8, 8, 8, 8, 8, 8, 8, 8, 8]","['SINGLE', 'SINGLE', 'SINGLE', 'SINGLE', 'SINGLE', 'SINGLE', 'SINGLE', 'SINGLE', 'SINGLE', 'SINGLE']",10.0
110,MUHWIW,ON(CCc1ccccn1)CCc1ccccn1.c1cccc1.c1cccc1,67,18,"[(0, 18), (1, 18), (17, 18), (18, 19), (18, 24), (18, 20), (18, 21), (18, 22), (18, 23), (18, 25), (18, 26), (18, 27), (18, 28)]","[0, 1, 17, 19, 24, 20, 21, 22, 23, 25, 26, 27, 28]","[8, 7, 7, 6, 6, 6, 6, 6, 6, 6, 6, 6, 6]","['SINGLE', 'SINGLE', 'SINGLE', 'SINGLE', 'SINGLE', 'SINGLE', 'SINGLE', 'SINGLE', 'SINGLE', 'SINGLE', 'SINGLE', 'SINGLE', 'SINGLE']",13.0
111,NAWCAS,O.O.O.O.O.O=P(c1ccccc1)(c1ccccc1)C1CCCCC1.O=P(c1ccccc1)(c1ccccc1)C1CCCCC1,67,1,"[(0, 1), (1, 2), (1, 3), (1, 4), (1, 5), (1, 6), (1, 26)]","[0, 2, 3, 4, 5, 6, 26]","[8, 8, 8, 8, 8, 8, 8]","['SINGLE', 'SINGLE', 'SINGLE', 'SINGLE', 'SINGLE', 'SINGLE', 'SINGLE']",7.0
112,NAZVIT,OCCOCCO.OCCOCCO.OCCOCCO,67,7,"[(0, 7), (3, 7), (6, 7), (7, 8), (7, 15), (7, 11), (7, 14), (7, 18), (7, 21)]","[0, 3, 6, 8, 15, 11, 14, 18, 21]","[8, 8, 8, 8, 8, 8, 8, 8, 8]","['SINGLE', 'SINGLE', 'SINGLE', 'SINGLE', 'SINGLE', 'SINGLE', 'SINGLE', 'SINGLE', 'SINGLE']",9.0
113,NEDMOA,C[Si](C)(C)c1cccc1.C[Si](C)(C)c1cccc1.C[Si](C)(C)c1cccc1,67,9,"[(4, 9), (5, 9), (6, 9), (7, 9), (8, 9), (9, 10), (9, 19), (9, 11), (9, 12), (9, 13), (9, 14), (9, 20), (9, 21), (9, 22), (9, 23)]","[4, 5, 6, 7, 8, 10, 19, 11, 12, 13, 14, 20, 21, 22, 23]","[6, 6, 6, 6, 6, 6, 6, 6, 6, 6, 6, 6, 6, 6, 6]","['SINGLE', 'SINGLE', 'SINGLE', 'SINGLE', 'SINGLE', 'SINGLE', 'SINGLE', 'SINGLE', 'SINGLE', 'SINGLE', 'SINGLE', 'SINGLE', 'SINGLE', 'SINGLE', 'SINGLE']",15.0
114,NEDMUG,C[Si](C)(C)c1cccc1.C[Si](C)(C)c1cccc1.C[Si](C)(C)c1cccc1,67,9,"[(4, 9), (5, 9), (6, 9), (7, 9), (8, 9), (9, 10), (9, 19), (9, 11), (9, 12), (9, 13), (9, 14), (9, 20), (9, 21), (9, 22), (9, 23)]","[4, 5, 6, 7, 8, 10, 19, 11, 12, 13, 14, 20, 21, 22, 23]","[6, 6, 6, 6, 6, 6, 6, 6, 6, 6, 6, 6, 6, 6, 6]","['SINGLE', 'SINGLE', 'SINGLE', 'SINGLE', 'SINGLE', 'SINGLE', 'SINGLE', 'SINGLE', 'SINGLE', 'SINGLE', 'SINGLE', 'SINGLE', 'SINGLE', 'SINGLE', 'SINGLE']",15.0
115,NEVBAU,CC(C)NP(=O)(NC(C)C)C(C)(C)C.CC(C)NP(=O)(NC(C)C)C(C)(C)C.O.O.O.O.O,67,1,"[(0, 1), (1, 2), (1, 3), (1, 4), (1, 5), (1, 6), (1, 20)]","[0, 2, 3, 4, 5, 6, 20]","[8, 8, 8, 8, 8, 8, 8]","['SINGLE', 'SINGLE', 'SINGLE', 'SINGLE', 'SINGLE', 'SINGLE', 'SINGLE']",7.0
116,NIQDOI,C(=NCCOCCOCCN=Cc1ccccn1)c1ccccn1.O=N(O)O.O=N(O)O,67,3,"[(2, 3), (3, 4), (3, 5), (3, 9), (3, 8), (3, 12), (3, 15), (3, 22), (3, 25), (3, 32)]","[2, 4, 5, 9, 8, 12, 15, 22, 25, 32]","[8, 8, 8, 8, 8, 8, 7, 7, 7, 7]","['SINGLE', 'SINGLE', 'SINGLE', 'SINGLE', 'SINGLE', 'SINGLE', 'SINGLE', 'SINGLE', 'SINGLE', 'SINGLE']",10.0
117,NOYNAT,Cl.Cl.Cl.c1ccc(-c2cc(-c3ccccn3)nc(-c3ccccn3)c2)cc1.c1ccncc1,67,1,"[(0, 1), (1, 2), (1, 3), (1, 4), (1, 10), (1, 21), (1, 27)]","[0, 2, 3, 4, 10, 21, 27]","[17, 17, 17, 7, 7, 7, 7]","['SINGLE', 'SINGLE', 'SINGLE', 'SINGLE', 'SINGLE', 'SINGLE', 'SINGLE']",7.0
118,NUFQAG,C1CCOC1.Cl.c1ccc2c(CCOCCc3ccc4ccccc34)ccc2c1,67,1,"[(0, 1), (1, 2), (1, 7), (1, 10), (1, 11), (1, 12), (1, 13), (1, 18), (1, 21), (1, 22), (1, 23), (1, 24), (1, 29)]","[0, 2, 7, 10, 11, 12, 13, 18, 21, 22, 23, 24, 29]","[17, 8, 8, 6, 6, 6, 6, 6, 6, 6, 6, 6, 6]","['SINGLE', 'SINGLE', 'SINGLE', 'SINGLE', 'SINGLE', 'SINGLE', 'SINGLE', 'SINGLE', 'SINGLE', 'SINGLE', 'SINGLE', 'SINGLE', 'SINGLE']",13.0
119,NUJBAV,O=C(O)c1cccc(C(=O)O)n1.O=C(O)c1cccc(C(=O)O)n1.O=C(O)c1cccc(C(=O)O)n1,67,3,"[(2, 3), (3, 4), (3, 13), (3, 25), (3, 12), (3, 21), (3, 24), (3, 33), (3, 36)]","[2, 4, 13, 25, 12, 21, 24, 33, 36]","[8, 8, 8, 8, 7, 7, 8, 7, 8]","['SINGLE', 'SINGLE', 'SINGLE', 'SINGLE', 'SINGLE', 'SINGLE', 'SINGLE', 'SINGLE', 'SINGLE']",9.0
120,NUWMAT,NC(=O)C(=O)O.NC(=O)C(=O)O.NC(=O)C(=O)O.O.O.O,67,1,"[(0, 1), (1, 2), (1, 3), (1, 4), (1, 10), (1, 16), (1, 8), (1, 14), (1, 20)]","[0, 2, 3, 4, 10, 16, 8, 14, 20]","[8, 8, 8, 8, 8, 8, 8, 8, 8]","['SINGLE', 'SINGLE', 'SINGLE', 'SINGLE', 'SINGLE', 'SINGLE', 'SINGLE', 'SINGLE', 'SINGLE']",9.0
121,OCEJUE,C1COCCOCCOCCO1.O=N(O)O.O=N(O)O.O=N(O)O,67,3,"[(2, 3), (3, 4), (3, 5), (3, 9), (3, 13), (3, 8), (3, 12), (3, 16), (3, 19), (3, 22)]","[2, 4, 5, 9, 13, 8, 12, 16, 19, 22]","[8, 8, 8, 8, 8, 8, 8, 8, 8, 8]","['SINGLE', 'SINGLE', 'SINGLE', 'SINGLE', 'SINGLE', 'SINGLE', 'SINGLE', 'SINGLE', 'SINGLE', 'SINGLE']",10.0
122,ODOVAG,CC(C)c1cccc(C(C)C)c1N=CC=Nc1c(C(C)C)cccc1C(C)C.c1ccc([Si]2(c3ccccc3)O[Li](O3CCCC3)O[Si](c3ccccc3)(c3ccccc3)O[Si](c3ccccc3)(c3ccccc3)O[Li](O3CCCC3)O[Si](c3ccccc3)(c3ccccc3)O2)cc1,67,28,"[(12, 28), (15, 28), (28, 29), (28, 31), (28, 35), (28, 37)]","[12, 15, 29, 31, 35, 37]","[7, 7, 8, 8, 8, 8]","['SINGLE', 'SINGLE', 'SINGLE', 'SINGLE', 'SINGLE', 'SINGLE']",6.0
123,OFEKUF,C1=Cc2nc1c(-c1ccccc1)c1ccc([nH]1)c(-c1ccccc1)c1nc(c(-c3ccccc3)c3ccc([nH]3)c2-c2ccccc2)C=C1.COCCOC.Cl,67,1,"[(0, 1), (1, 2), (1, 50), (1, 12), (1, 25), (1, 31), (1, 54)]","[0, 2, 50, 12, 25, 31, 54]","[17, 7, 8, 7, 7, 7, 8]","['SINGLE', 'SINGLE', 'SINGLE', 'SINGLE', 'SINGLE', 'SINGLE', 'SINGLE']",7.0
124,OGIJAP,O.O=C([O-])CN(CC(=O)O)CC(=O)O.O=C([O-])CN(CC(=O)[O-])CC(=O)O,67,1,"[(0, 1), (1, 2), (1, 15), (1, 6), (1, 10), (1, 14), (1, 19), (1, 23), (1, 27)]","[0, 2, 15, 6, 10, 14, 19, 23, 27]","[8, 8, 8, 7, 8, 8, 7, 8, 8]","['SINGLE', 'SINGLE', 'SINGLE', 'SINGLE', 'SINGLE', 'SINGLE', 'SINGLE', 'SINGLE', 'SINGLE']",9.0
125,OGIJET,O.O.O=C([O-])CN(CC(=O)O)C1CCCCC1N(CC(=O)O)CC(=O)O,67,1,"[(0, 1), (1, 2), (1, 3), (1, 7), (1, 11), (1, 18), (1, 22), (1, 26)]","[0, 2, 3, 7, 11, 18, 22, 26]","[8, 8, 8, 7, 8, 7, 8, 8]","['SINGLE', 'SINGLE', 'SINGLE', 'SINGLE', 'SINGLE', 'SINGLE', 'SINGLE', 'SINGLE']",8.0
126,OQABAM,[H][BH-]([H])[H].[H][BH]([H])[H].[H][BH]([H])[H].[H][BH]([H])[H],67,3,"[(0, 3), (2, 3), (3, 4), (3, 8), (3, 12), (3, 16), (3, 6), (3, 7), (3, 10), (3, 11), (3, 14), (3, 15)]","[0, 2, 4, 8, 12, 16, 6, 7, 10, 11, 14, 15]","[1, 1, 1, 1, 1, 1, 1, 1, 1, 1, 1, 1]","['SINGLE', 'SINGLE', 'SINGLE', 'SINGLE', 'SINGLE', 'SINGLE', 'SINGLE', 'SINGLE', 'SINGLE', 'SINGLE', 'SINGLE', 'SINGLE']",12.0
127,OQENAA,c1ccc2c(c1)-c1nc-2nc2[nH]c(nc3nc(nc4[nH]c(n1)c1ccccc41)-c1ccccc1-3)c1ccccc21.c1ccc2c(c1)-c1nc-2nc2[nH]c(nc3nc(nc4[nH]c(n1)c1ccccc41)-c1ccccc1-3)c1ccccc21,67,22,"[(6, 22), (10, 22), (14, 22), (21, 22), (22, 23), (22, 34), (22, 38), (22, 42)]","[6, 10, 14, 21, 23, 34, 38, 42]","[7, 7, 7, 7, 7, 7, 7, 7]","['SINGLE', 'SINGLE', 'SINGLE', 'SINGLE', 'SINGLE', 'SINGLE', 'SINGLE', 'SINGLE']",8.0
128,PECGEK,O.O.O.O.O.O.O=[N+]([O-])c1n[nH]c(O)n1.O=[N+]([O-])c1n[nH]c(O)n1,67,1,"[(0, 1), (1, 2), (1, 3), (1, 4), (1, 5), (1, 6), (1, 7), (1, 16)]","[0, 2, 3, 4, 5, 6, 7, 16]","[8, 8, 8, 8, 8, 8, 8, 8]","['SINGLE', 'SINGLE', 'SINGLE', 'SINGLE', 'SINGLE', 'SINGLE', 'SINGLE', 'SINGLE']",8.0
129,PEZBAB,Cl.Cl.Cl.c1ccc(-c2cc[nH]n2)nc1.c1ccc(-c2cc[nH]n2)nc1,67,1,"[(0, 1), (1, 2), (1, 3), (1, 4), (1, 15), (1, 14), (1, 25)]","[0, 2, 3, 4, 15, 14, 25]","[17, 17, 17, 7, 7, 7, 7]","['SINGLE', 'SINGLE', 'SINGLE', 'SINGLE', 'SINGLE', 'SINGLE', 'SINGLE']",7.0
130,PIKFUO,Cl.Cl.Cl.[Cl-].[Cl-].c1ccncc1,67,1,"[(0, 1), (1, 2), (1, 3), (1, 4), (1, 5), (1, 6)]","[0, 2, 3, 4, 5, 6]","[17, 17, 17, 17, 17, 7]","['SINGLE', 'SINGLE', 'SINGLE', 'SINGLE', 'SINGLE', 'SINGLE']",6.0
131,PODRUY,Cc1ccc2c(Br)cc(Br)c(O)c2n1.Cc1ccc2c(Br)cc(Br)c(O)c2n1.Cc1ccnc(c2cc(C)ccn2)c1.O=N(O)O,67,14,"[(4, 14), (13, 14), (14, 15), (14, 29), (14, 43), (14, 27), (14, 41), (14, 46)]","[4, 13, 15, 29, 43, 27, 41, 46]","[7, 7, 8, 8, 8, 7, 7, 8]","['SINGLE', 'SINGLE', 'SINGLE', 'SINGLE', 'SINGLE', 'SINGLE', 'SINGLE', 'SINGLE']",8.0
132,PODSEJ,COc1ccnc(c2cc(OC)ccn2)c1.Cc1ccc2c(Br)cc(Br)c(O)c2n1.Cc1ccc2c(Br)cc(Br)c(O)c2n1.O=N(O)O,67,16,"[(5, 16), (15, 16), (16, 17), (16, 31), (16, 45), (16, 29), (16, 43), (16, 48)]","[5, 15, 17, 31, 45, 29, 43, 48]","[7, 7, 8, 8, 8, 7, 7, 8]","['SINGLE', 'SINGLE', 'SINGLE', 'SINGLE', 'SINGLE', 'SINGLE', 'SINGLE', 'SINGLE']",8.0
133,POHGOL,C1CCOC1.C[Si](C)(C)Nc1ccccc1.C[Si](C)(C)Nc1ccccc1.C[Si](C)(C)Nc1ccccc1,67,11,"[(4, 11), (11, 12), (11, 23), (11, 34)]","[4, 12, 23, 34]","[7, 7, 7, 8]","['SINGLE', 'SINGLE', 'SINGLE', 'SINGLE']",4.0
134,POTCUZ,CC#N.CC#N.[Se]=P([SeH])(c1ccccc1)c1ccccc1.[Se]=P([SeH])(c1ccccc1)c1ccccc1.[Se]=P([SeH])(c1ccccc1)c1ccccc1,67,3,"[(2, 3), (3, 4), (3, 19), (3, 34), (3, 49), (3, 6), (3, 21), (3, 36)]","[2, 4, 19, 34, 49, 6, 21, 36]","[7, 34, 34, 34, 7, 34, 34, 34]","['SINGLE', 'SINGLE', 'SINGLE', 'SINGLE', 'SINGLE', 'SINGLE', 'SINGLE', 'SINGLE']",8.0
135,POZHAP,NCCN.NCCNCCNCCN.S=[As]([S-])(S)S,67,4,"[(3, 4), (4, 5), (4, 9), (4, 19), (4, 8), (4, 12), (4, 15), (4, 18)]","[3, 5, 9, 19, 8, 12, 15, 18]","[16, 7, 7, 16, 7, 7, 7, 7]","['SINGLE', 'SINGLE', 'SINGLE', 'SINGLE', 'SINGLE', 'SINGLE', 'SINGLE', 'SINGLE']",8.0
136,QAGQOF,CCN(CC)CCN=C(C)C=C(C)NCCN(CC)CC.I.I,67,1,"[(0, 1), (1, 2), (1, 3), (1, 6), (1, 14), (1, 17)]","[0, 2, 3, 6, 14, 17]","[53, 53, 7, 7, 7, 7]","['SINGLE', 'SINGLE', 'SINGLE', 'SINGLE', 'SINGLE', 'SINGLE']",6.0
137,QELLOJ,c1cccc1.c1cccc1.c1cccc1,67,5,"[(0, 5), (1, 5), (2, 5), (3, 5), (4, 5), (5, 6), (5, 11), (5, 7), (5, 8), (5, 9), (5, 10), (5, 12), (5, 13), (5, 14), (5, 15)]","[0, 1, 2, 3, 4, 6, 11, 7, 8, 9, 10, 12, 13, 14, 15]","[6, 6, 6, 6, 6, 6, 6, 6, 6, 6, 6, 6, 6, 6, 6]","['SINGLE', 'SINGLE', 'SINGLE', 'SINGLE', 'SINGLE', 'SINGLE', 'SINGLE', 'SINGLE', 'SINGLE', 'SINGLE', 'SINGLE', 'SINGLE', 'SINGLE', 'SINGLE', 'SINGLE']",15.0
138,QIVYAW,C1CCOC1.COCCOCCOC.Cl.Cl.Cl,67,1,"[(0, 1), (1, 2), (1, 3), (1, 4), (1, 13), (1, 8), (1, 11)]","[0, 2, 3, 4, 13, 8, 11]","[17, 17, 17, 8, 8, 8, 8]","['SINGLE', 'SINGLE', 'SINGLE', 'SINGLE', 'SINGLE', 'SINGLE', 'SINGLE']",7.0
139,QIXQIA,C1CCOC1.CC(=CC(C)=Nc1c(C)cccc1C)Nc1c(C)cccc1C.C[Si](C)(C)C.C[Si](C)(C)C,67,13,"[(4, 13), (13, 14), (13, 19), (13, 24), (13, 33)]","[4, 14, 19, 24, 33]","[7, 6, 6, 7, 8]","['SINGLE', 'SINGLE', 'SINGLE', 'SINGLE', 'SINGLE']",5.0
140,QOZVOQ,O.O=N(O)O.OC1CC(O)CC(O)C1.OC1CC(O)CC(O)C1,67,1,"[(0, 1), (1, 2), (1, 6), (1, 15), (1, 5), (1, 10), (1, 13), (1, 19), (1, 22)]","[0, 2, 6, 15, 5, 10, 13, 19, 22]","[8, 8, 8, 8, 8, 8, 8, 8, 8]","['SINGLE', 'SINGLE', 'SINGLE', 'SINGLE', 'SINGLE', 'SINGLE', 'SINGLE', 'SINGLE', 'SINGLE']",9.0
141,QUCDAT,CCO(CC)[Li](Cl)(O(CC)CC)O(CC)CC.C[Si]1(C)CC[Si](C)(C)N1.C[Si]1(C)CC[Si](C)(C)N1.C[Si]1(C)CC[Si](C)(C)N1,67,7,"[(6, 7), (7, 8), (7, 17), (7, 26)]","[6, 8, 17, 26]","[17, 7, 7, 7]","['SINGLE', 'SINGLE', 'SINGLE', 'SINGLE']",4.0
142,QUJCOP,Oc1c2cc(Cl)cc1CN(CCc1ccccc1)Cc1cc(Cl)cc(c1O)C=Nc1ccccc1N=Cc1cc(Cl)cc(c1O)CN(CCc1ccccc1)Cc1cc(Cl)cc(c1O)C=Nc1ccccc1N=C2,67,68,"[(22, 68), (29, 68), (55, 68), (62, 68), (67, 68), (68, 69), (68, 71), (68, 73)]","[22, 29, 55, 62, 67, 69, 71, 73]","[7, 7, 7, 7, 8, 8, 8, 8]","['SINGLE', 'SINGLE', 'SINGLE', 'SINGLE', 'SINGLE', 'SINGLE', 'SINGLE', 'SINGLE']",8.0
143,RAHWEG,C1CCOC1.C1CCOC1.Fc1cccc(F)c1N=CNc1c(F)cccc1F.Fc1cccc(F)c1N=CNc1c(F)cccc1F.I,67,1,"[(0, 1), (1, 2), (1, 21), (1, 40), (1, 45), (1, 4), (1, 23)]","[0, 2, 21, 40, 45, 4, 23]","[53, 7, 7, 8, 8, 7, 7]","['SINGLE', 'SINGLE', 'SINGLE', 'SINGLE', 'SINGLE', 'SINGLE', 'SINGLE']",7.0
144,RIDVIN,CCC[O-].C[Si](C)(C)N[Si](C)(C)C.C[Si](C)(C)N[Si](C)(C)C.C[Si](C)(C)N[Si](C)(C)C,67,4,"[(3, 4), (4, 5), (4, 14), (4, 23)]","[3, 5, 14, 23]","[8, 7, 7, 7]","['SINGLE', 'SINGLE', 'SINGLE', 'SINGLE']",4.0
145,RIJRAF,C1CCOC1.C1CCOC1.C1CCOC1.Cc1ccccc1.Cc1ccccc1.Cc1ccccc1,67,7,"[(0, 7), (7, 8), (7, 15), (7, 22), (7, 27), (7, 32)]","[0, 8, 15, 22, 27, 32]","[6, 6, 6, 8, 8, 8]","['SINGLE', 'SINGLE', 'SINGLE', 'SINGLE', 'SINGLE', 'SINGLE']",6.0
146,ROCVEL,Br.Br.Br.C1CCOC1.COCCOCCOC,67,1,"[(0, 1), (1, 2), (1, 3), (1, 4), (1, 13), (1, 8), (1, 11)]","[0, 2, 3, 4, 13, 8, 11]","[35, 35, 35, 8, 8, 8, 8]","['SINGLE', 'SINGLE', 'SINGLE', 'SINGLE', 'SINGLE', 'SINGLE', 'SINGLE']",7.0
147,RUZQUZ,N#CC(C#N)=c1c(F)c(F)c(=C(C#N)C#N)c(F)c1F.N#CC(C#N)=c1c(F)c(F)c(=C(C#N)C#N)c(F)c1F.O.O.O.O.O.O,67,1,"[(0, 1), (1, 2), (1, 3), (1, 4), (1, 5), (1, 6), (1, 7), (1, 27)]","[0, 2, 3, 4, 5, 6, 7, 27]","[8, 8, 8, 8, 8, 8, 7, 7]","['SINGLE', 'SINGLE', 'SINGLE', 'SINGLE', 'SINGLE', 'SINGLE', 'SINGLE', 'SINGLE']",8.0
148,SERRAM,O.O.O.O.O.O.O.O,67,1,"[(0, 1), (1, 2), (1, 3), (1, 4), (1, 5), (1, 6), (1, 7), (1, 8)]","[0, 2, 3, 4, 5, 6, 7, 8]","[8, 8, 8, 8, 8, 8, 8, 8]","['SINGLE', 'SINGLE', 'SINGLE', 'SINGLE', 'SINGLE', 'SINGLE', 'SINGLE', 'SINGLE']",8.0
149,SIFZIQ,O.O.O=C(C=C(O)C(F)(F)F)C(F)(F)F.O=C(C=C(O)C(F)(F)F)C(F)(F)F.O=C(C=C(O)C(F)(F)F)C(F)(F)F,67,1,"[(0, 1), (1, 2), (1, 3), (1, 16), (1, 29), (1, 7), (1, 20), (1, 33)]","[0, 2, 3, 16, 29, 7, 20, 33]","[8, 8, 8, 8, 8, 8, 8, 8]","['SINGLE', 'SINGLE', 'SINGLE', 'SINGLE', 'SINGLE', 'SINGLE', 'SINGLE', 'SINGLE']",8.0
150,SOXFES,Cc1cc2c([O-])c(c1)C[NH2+]C1CCCCC1[NH2+]Cc1cc(C)cc(c1[O-])C[NH2+]C1CCCCC1[NH2+]Cc1cc(C)cc(c1O)CNC1CCCCC1NC2.N=C=S.N=C=S,67,50,"[(37, 50), (44, 50), (49, 50), (50, 51), (50, 54), (50, 57), (50, 59)]","[37, 44, 49, 51, 54, 57, 59]","[7, 7, 8, 7, 7, 8, 8]","['SINGLE', 'SINGLE', 'SINGLE', 'SINGLE', 'SINGLE', 'SINGLE', 'SINGLE']",7.0
151,SOXFIW,Cc1cc2c([O-])c(c1)C[NH2+]C1CCCCC1[NH2+]Cc1cc(C)cc(c1[O-])C[NH2+]C1CCCCC1[NH2+]Cc1cc(C)cc(c1O)CNC1CCCCC1NC2.N=C=S.N=C=S,67,50,"[(37, 50), (44, 50), (49, 50), (50, 51), (50, 54), (50, 57), (50, 59)]","[37, 44, 49, 51, 54, 57, 59]","[7, 7, 8, 7, 7, 8, 8]","['SINGLE', 'SINGLE', 'SINGLE', 'SINGLE', 'SINGLE', 'SINGLE', 'SINGLE']",7.0
152,SUFDEF,C[Si](C)(C)N[Si](C)(C)C.C[Si](C)(C)N[Si](C)(C)C.C[Si](C)(C)[N-][Si](C)(C)C,67,5,"[(4, 5), (5, 6), (5, 15)]","[4, 6, 15]","[7, 7, 7]","['SINGLE', 'SINGLE', 'SINGLE']",3.0
153,TAJMOK,Cl.Cl.Cl.O.O=C(NP(=O)(N1CCOCC1)N1CCOCC1)C(Cl)(Cl)Cl.O=C(NP(=O)(N1CCOCC1)N1CCOCC1)C(Cl)(Cl)Cl,67,1,"[(0, 1), (1, 2), (1, 3), (1, 4), (1, 5), (1, 26)]","[0, 2, 3, 4, 5, 26]","[8, 17, 17, 17, 8, 8]","['SINGLE', 'SINGLE', 'SINGLE', 'SINGLE', 'SINGLE', 'SINGLE']",6.0
154,TAZHIM,C.C1CCOC1.C1CCOC1.C1CCOC1.C1CCOC1.C1CCOC1.C1CCOC1,67,1,"[(0, 1), (1, 2), (1, 7), (1, 12), (1, 17), (1, 22), (1, 27)]","[0, 2, 7, 12, 17, 22, 27]","[6, 8, 8, 8, 8, 8, 8]","['SINGLE', 'SINGLE', 'SINGLE', 'SINGLE', 'SINGLE', 'SINGLE', 'SINGLE']",7.0
155,TEHWAI,c1ccc2c(c1)CC13[BH]45[BH]16[BH]417[BH-]54[BH]58[BH]9%10[BH-]%11(C93C2)[BH]%1052[BH]6%111[BH-]8427.c1ccc2c(c1)CC13[BH]45[BH]67[BH]89[BH]%10%11[BH]%12(C%101C2)[BH]12%10[BH]43[BH-]561[BH]782[BH-]%119%12%10,67,20,"[(8, 20), (10, 20), (11, 20), (12, 20), (13, 20), (20, 21), (20, 31), (20, 33), (20, 38), (20, 39)]","[8, 10, 11, 12, 13, 21, 31, 33, 38, 39]","[6, 5, 5, 5, 5, 5, 6, 5, 5, 5]","['SINGLE', 'SINGLE', 'SINGLE', 'SINGLE', 'SINGLE', 'SINGLE', 'SINGLE', 'SINGLE', 'SINGLE', 'SINGLE']",10.0
156,TEJKUS,C(=Nc1ccccc1)Nc1ccccc1.C(=Nc1ccccc1)Nc1ccccc1.C(=Nc1ccccc1)Nc1ccccc1.C1CCOC1,67,5,"[(3, 5), (5, 6), (5, 21), (5, 36), (5, 8), (5, 23), (5, 38)]","[3, 6, 21, 36, 8, 23, 38]","[8, 7, 7, 7, 7, 7, 7]","['SINGLE', 'SINGLE', 'SINGLE', 'SINGLE', 'SINGLE', 'SINGLE', 'SINGLE']",7.0
157,TEKYUH,O.O.On1ccccc1S.On1ccccc1S.On1ccccc1S,67,1,"[(0, 1), (1, 2), (1, 3), (1, 11), (1, 19), (1, 10), (1, 18), (1, 26)]","[0, 2, 3, 11, 19, 10, 18, 26]","[8, 8, 8, 8, 8, 16, 16, 16]","['SINGLE', 'SINGLE', 'SINGLE', 'SINGLE', 'SINGLE', 'SINGLE', 'SINGLE', 'SINGLE']",8.0
158,TIJPEL,O=N(O)O.O=N(O)O.O=N(O)O.O=N([O-])O.O=N([O-])O,67,3,"[(2, 3), (3, 4), (3, 5), (3, 9), (3, 13), (3, 17), (3, 8), (3, 12), (3, 16), (3, 20)]","[2, 4, 5, 9, 13, 17, 8, 12, 16, 20]","[8, 8, 8, 8, 8, 8, 8, 8, 8, 8]","['SINGLE', 'SINGLE', 'SINGLE', 'SINGLE', 'SINGLE', 'SINGLE', 'SINGLE', 'SINGLE', 'SINGLE', 'SINGLE']",10.0
159,TINMUC,O.O=C(O)CN(CCO)CCO.O=N(O)O.O=N(O)O,67,1,"[(0, 1), (1, 2), (1, 13), (1, 17), (1, 6), (1, 9), (1, 12), (1, 16), (1, 20)]","[0, 2, 13, 17, 6, 9, 12, 16, 20]","[8, 8, 8, 8, 7, 8, 8, 8, 8]","['SINGLE', 'SINGLE', 'SINGLE', 'SINGLE', 'SINGLE', 'SINGLE', 'SINGLE', 'SINGLE', 'SINGLE']",9.0
160,TUDWIB,C[Si](C)(C)O.C[Si](C)(C)O.c1ccncc1.c1ccncc1.c1ccncc1.c1ccncc1.c1ccncc1,67,5,"[(4, 5), (5, 6), (5, 11), (5, 17), (5, 23), (5, 29), (5, 35)]","[4, 6, 11, 17, 23, 29, 35]","[8, 8, 7, 7, 7, 7, 7]","['SINGLE', 'SINGLE', 'SINGLE', 'SINGLE', 'SINGLE', 'SINGLE', 'SINGLE']",7.0
161,TUDWOH,CC(O)c1ccccc1.CC(O)c1ccccc1.c1ccncc1.c1ccncc1.c1ccncc1.c1ccncc1.c1ccncc1,67,3,"[(2, 3), (3, 4), (3, 13), (3, 19), (3, 25), (3, 31), (3, 37)]","[2, 4, 13, 19, 25, 31, 37]","[8, 8, 7, 7, 7, 7, 7]","['SINGLE', 'SINGLE', 'SINGLE', 'SINGLE', 'SINGLE', 'SINGLE', 'SINGLE']",7.0
162,TUDWUN,Cc1cc(C)cc(O)c1.Cc1cc(C)cc(O)c1.c1ccncc1.c1ccncc1.c1ccncc1.c1ccncc1.c1ccncc1,67,8,"[(7, 8), (8, 9), (8, 18), (8, 24), (8, 30), (8, 36), (8, 42)]","[7, 9, 18, 24, 30, 36, 42]","[8, 8, 7, 7, 7, 7, 7]","['SINGLE', 'SINGLE', 'SINGLE', 'SINGLE', 'SINGLE', 'SINGLE', 'SINGLE']",7.0
163,TUTHIB,C(#CC1CC1)C(=NC1CCCCC1)NC1CCCCC1.C(#CC1CC1)C(=NC1CCCCC1)NC1CCCCC1.C[Si](C)(C)N[Si](C)(C)C,67,9,"[(4, 9), (9, 10), (9, 30), (9, 18), (9, 38)]","[4, 10, 30, 18, 38]","[7, 7, 7, 7, 7]","['SINGLE', 'SINGLE', 'SINGLE', 'SINGLE', 'SINGLE']",5.0
164,UDISAB,C1CCOC1.C1CCOC1.C1CCOC1.Fc1c(F)c(F)c(S)c(F)c1F.Fc1c(F)c(F)c(S)c(F)c1F.Fc1c(F)c(F)c(S)c(F)c1F,67,8,"[(7, 8), (8, 9), (8, 21), (8, 33), (8, 38), (8, 43), (8, 20)]","[7, 9, 21, 33, 38, 43, 20]","[16, 9, 16, 8, 8, 8, 16]","['SINGLE', 'SINGLE', 'SINGLE', 'SINGLE', 'SINGLE', 'SINGLE', 'SINGLE']",7.0
165,UGUPUK,O.O.O.O.O.O.O.O=S(=O)([O-])O,67,1,"[(0, 1), (1, 2), (1, 3), (1, 4), (1, 5), (1, 6), (1, 7), (1, 8)]","[0, 2, 3, 4, 5, 6, 7, 8]","[8, 8, 8, 8, 8, 8, 8, 8]","['SINGLE', 'SINGLE', 'SINGLE', 'SINGLE', 'SINGLE', 'SINGLE', 'SINGLE', 'SINGLE']",8.0
166,UKAQIG,O.O=P(CP(=O)(c1ccccc1)c1ccccc1)(c1ccccc1)c1ccccc1.O=P(CP(=O)(c1ccccc1)c1ccccc1)(c1ccccc1)c1ccccc1.O=[N+]([O-])O.O=[N+]([O-])O,67,1,"[(0, 1), (1, 2), (1, 6), (1, 10), (1, 39), (1, 4), (1, 8), (1, 14), (1, 43)]","[0, 2, 6, 10, 39, 4, 8, 14, 43]","[8, 8, 8, 8, 8, 8, 8, 8, 8]","['SINGLE', 'SINGLE', 'SINGLE', 'SINGLE', 'SINGLE', 'SINGLE', 'SINGLE', 'SINGLE', 'SINGLE']",9.0
167,ULOVOG,Cl[K]12345O6CCO1CCO2CCO3CCO4CCO5CC6.c1cccc1.c1cccc1.c1cccc1,67,20,"[(0, 20), (20, 21), (20, 26), (20, 31), (20, 22), (20, 23), (20, 24), (20, 25), (20, 27), (20, 28), (20, 29), (20, 30), (20, 32), (20, 33), (20, 34), (20, 35)]","[0, 21, 26, 31, 22, 23, 24, 25, 27, 28, 29, 30, 32, 33, 34, 35]","[17, 6, 6, 6, 6, 6, 6, 6, 6, 6, 6, 6, 6, 6, 6, 6]","['SINGLE', 'SINGLE', 'SINGLE', 'SINGLE', 'SINGLE', 'SINGLE', 'SINGLE', 'SINGLE', 'SINGLE', 'SINGLE', 'SINGLE', 'SINGLE', 'SINGLE', 'SINGLE', 'SINGLE', 'SINGLE']",16.0
168,UNERUA,Cl.Cl.Cl.Cl.Cl.Cl,67,1,"[(0, 1), (1, 2), (1, 3), (1, 4), (1, 5), (1, 6)]","[0, 2, 3, 4, 5, 6]","[17, 17, 17, 17, 17, 17]","['SINGLE', 'SINGLE', 'SINGLE', 'SINGLE', 'SINGLE', 'SINGLE']",6.0
169,VAQJIK,CC(C)c1cccc(C(C)C)c1NP(c1ccccc1)c1ccccc1.Cc1ccccc1N(C)C.Cc1ccccc1N(C)C,67,26,"[(12, 26), (13, 26), (26, 27), (26, 37), (26, 34), (26, 44)]","[12, 13, 27, 37, 34, 44]","[7, 15, 6, 6, 7, 7]","['SINGLE', 'SINGLE', 'SINGLE', 'SINGLE', 'SINGLE', 'SINGLE']",6.0
170,VITWAA,CCCCN(CCCC)C(=O)c1ccc2ccc3ccc(C(=O)N(CCCC)CCCC)nc3c2n1.O=N(O)O.O=N(O)O.O=[N+]([O-])O,67,11,"[(10, 11), (11, 12), (11, 16), (11, 20), (11, 24), (11, 15), (11, 19), (11, 45), (11, 48)]","[10, 12, 16, 20, 24, 15, 19, 45, 48]","[8, 8, 8, 8, 8, 8, 8, 7, 7]","['SINGLE', 'SINGLE', 'SINGLE', 'SINGLE', 'SINGLE', 'SINGLE', 'SINGLE', 'SINGLE', 'SINGLE']",9.0
171,VOHCON,O.O=N(O)O.O=N(O)O.O=N(O)O.c1ccc(c2nc(c3ccccn3)nc(c3ccccn3)n2)nc1,67,1,"[(0, 1), (1, 2), (1, 6), (1, 10), (1, 14), (1, 5), (1, 9), (1, 13), (1, 25), (1, 31)]","[0, 2, 6, 10, 14, 5, 9, 13, 25, 31]","[8, 8, 8, 8, 7, 8, 8, 8, 7, 7]","['SINGLE', 'SINGLE', 'SINGLE', 'SINGLE', 'SINGLE', 'SINGLE', 'SINGLE', 'SINGLE', 'SINGLE', 'SINGLE']",10.0
172,VOJTUL,Cl.Cl.Cl.NC(N)=O.NC(N)=O.NC(N)=O.NC(N)=O,67,1,"[(0, 1), (1, 2), (1, 3), (1, 4), (1, 8), (1, 12), (1, 16)]","[0, 2, 3, 4, 8, 12, 16]","[17, 17, 17, 8, 8, 8, 8]","['SINGLE', 'SINGLE', 'SINGLE', 'SINGLE', 'SINGLE', 'SINGLE', 'SINGLE']",7.0
173,VOJVAT,NC(N)=O.NC(N)=O.NC(N)=O.NC(N)=O.NC(N)=O.NC(N)=O.O.O,67,1,"[(0, 1), (1, 2), (1, 3), (1, 7), (1, 11), (1, 15), (1, 19), (1, 23)]","[0, 2, 3, 7, 11, 15, 19, 23]","[8, 8, 8, 8, 8, 8, 8, 8]","['SINGLE', 'SINGLE', 'SINGLE', 'SINGLE', 'SINGLE', 'SINGLE', 'SINGLE', 'SINGLE']",8.0
174,VOJVEX,NC(N)=O.NC(N)=O.NC(N)=O.NC(N)=O.O.O.O.O,67,1,"[(0, 1), (1, 2), (1, 3), (1, 4), (1, 5), (1, 9), (1, 13), (1, 17)]","[0, 2, 3, 4, 5, 9, 13, 17]","[8, 8, 8, 8, 8, 8, 8, 8]","['SINGLE', 'SINGLE', 'SINGLE', 'SINGLE', 'SINGLE', 'SINGLE', 'SINGLE', 'SINGLE']",8.0
175,VUYRAL,O=C([O-])C(=O)O.O=C([O-])C(=O)O.O=C([O-])C(=O)O.O=C([O-])C(=O)[O-],67,3,"[(2, 3), (3, 4), (3, 10), (3, 16), (3, 19), (3, 9), (3, 15), (3, 24)]","[2, 4, 10, 16, 19, 9, 15, 24]","[8, 8, 8, 8, 8, 8, 8, 8]","['SINGLE', 'SINGLE', 'SINGLE', 'SINGLE', 'SINGLE', 'SINGLE', 'SINGLE', 'SINGLE']",8.0
176,WABZEG,COc1cccc(C=[NH+]c2ccc(C)cc2)c1[O-].COc1cccc(C=[NH+]c2ccc(C)cc2)c1[O-].O=N(O)O.O=N(O)O.O=N(O)O,67,18,"[(1, 18), (17, 18), (18, 19), (18, 23), (18, 27), (18, 31), (18, 22), (18, 26), (18, 30), (18, 47)]","[1, 17, 19, 23, 27, 31, 22, 26, 30, 47]","[8, 8, 8, 8, 8, 8, 8, 8, 8, 8]","['SINGLE', 'SINGLE', 'SINGLE', 'SINGLE', 'SINGLE', 'SINGLE', 'SINGLE', 'SINGLE', 'SINGLE', 'SINGLE']",10.0
177,WAGJIB,O=N(O)O.O=N(O)O.O=N(O)O.O=P(Oc1ccccc1)(Oc1ccccc1)Oc1ccccc1.O=P(Oc1ccccc1)(Oc1ccccc1)Oc1ccccc1.O=P(Oc1ccccc1)(Oc1ccccc1)Oc1ccccc1,67,3,"[(2, 3), (3, 4), (3, 5), (3, 9), (3, 13), (3, 36), (3, 59), (3, 8), (3, 12)]","[2, 4, 5, 9, 13, 36, 59, 8, 12]","[8, 8, 8, 8, 8, 8, 8, 8, 8]","['SINGLE', 'SINGLE', 'SINGLE', 'SINGLE', 'SINGLE', 'SINGLE', 'SINGLE', 'SINGLE', 'SINGLE']",9.0
178,WEDZIS,N=C=S.N=C=S.N=C=S.O=P(c1ccccc1)(c1ccccc1)c1ccccc1.O=P(c1ccccc1)(c1ccccc1)c1ccccc1.O=P(c1ccccc1)(c1ccccc1)c1ccccc1,67,3,"[(2, 3), (3, 4), (3, 7), (3, 10), (3, 30), (3, 50)]","[2, 4, 7, 10, 30, 50]","[7, 7, 7, 8, 8, 8]","['SINGLE', 'SINGLE', 'SINGLE', 'SINGLE', 'SINGLE', 'SINGLE']",6.0
179,WEKFAW,CC(C)OP(=O)(CP(=O)(OC(C)C)OC(C)C)OC(C)C.CC(C)OP(=O)(CP(=O)(OC(C)C)OC(C)C)OC(C)C.Cl.Cl.O,67,1,"[(0, 1), (1, 2), (1, 3), (1, 4), (1, 25), (1, 8), (1, 29)]","[0, 2, 3, 4, 25, 8, 29]","[8, 17, 17, 8, 8, 8, 8]","['SINGLE', 'SINGLE', 'SINGLE', 'SINGLE', 'SINGLE', 'SINGLE', 'SINGLE']",7.0
180,WIWTAZ,CC1(C)COP(=O)(C(C#N)=P2([O-])OCC(C)(C)CO2)OC1.CC1(C)COP(=O)(C(C#N)=P2([O-])OCC(C)(C)CO2)OC1.CC1(C)COP(=O)(C(C#N)=P2([O-])OCC(C)(C)CO2)OC1.O,67,1,"[(0, 1), (1, 2), (1, 23), (1, 44), (1, 20), (1, 41), (1, 62)]","[0, 2, 23, 44, 20, 41, 62]","[8, 8, 8, 8, 8, 8, 8]","['SINGLE', 'SINGLE', 'SINGLE', 'SINGLE', 'SINGLE', 'SINGLE', 'SINGLE']",7.0
181,WUPDUH,Cc1ccc([NH+]=Cc2ccccc2[O-])cc1N=Cc1ccccc1O.Cc1ccc([NH+]=Cc2ccccc2[O-])cc1N=Cc1ccccc1O.Cc1ccc([NH+]=Cc2ccccc2[O-])cc1N=Cc1ccccc1O.O=N(O)O.O=N(O)O.O=N(O)O,67,14,"[(13, 14), (14, 15), (14, 19), (14, 23), (14, 27), (14, 52), (14, 18), (14, 22), (14, 26)]","[13, 15, 19, 23, 27, 52, 18, 22, 26]","[8, 8, 8, 8, 8, 8, 8, 8, 8]","['SINGLE', 'SINGLE', 'SINGLE', 'SINGLE', 'SINGLE', 'SINGLE', 'SINGLE', 'SINGLE', 'SINGLE']",9.0
182,XACHAM,CCC(CC)Oc1cccc2c1C1=NC3=NC(=NC4=NC(=NC5=NC(=NC2=N1)c1c(OC(CC)CC)cccc15)c1c(OC(CC)CC)cccc14)c1c(OC(CC)CC)cccc13.CCCCCCCCNc1ccc(-c2c3nc(c(-c4ccc(NCCCCCCCC)cc4)c4ccc([nH]4)c(-c4ccc(NCCCCCCCC)cc4)c4nc(c(-c5ccc(NCCCCCCCC)cc5)c5ccc2[nH]5)C=C4)C=C3)cc1,67,21,"[(20, 21), (21, 22), (21, 85), (21, 32), (21, 54), (21, 89), (21, 93), (21, 97)]","[20, 22, 85, 32, 54, 89, 93, 97]","[7, 7, 7, 7, 7, 7, 7, 7]","['SINGLE', 'SINGLE', 'SINGLE', 'SINGLE', 'SINGLE', 'SINGLE', 'SINGLE', 'SINGLE']",8.0
183,XAGRAC,Cc1cc(C=O)c(O)c(C=NCCN(CCN=Cc2cc(C)cc(C=O)c2O)CCN=Cc2cc(C)cc(C=O)c2O)c1,67,8,"[(7, 8), (8, 9), (8, 20), (8, 23), (8, 26), (8, 32), (8, 43)]","[7, 9, 20, 23, 26, 32, 43]","[8, 8, 7, 7, 7, 7, 8]","['SINGLE', 'SINGLE', 'SINGLE', 'SINGLE', 'SINGLE', 'SINGLE', 'SINGLE']",7.0
184,XANMUY,Cc1cc(C)c(C)c1C.Cc1cc(C)c(C)c1C.Cc1cc(C)c(C)c1C,67,9,"[(1, 9), (2, 9), (3, 9), (5, 9), (7, 9), (9, 10), (9, 19), (9, 11), (9, 13), (9, 15), (9, 17), (9, 20), (9, 22), (9, 24), (9, 26)]","[1, 2, 3, 5, 7, 10, 19, 11, 13, 15, 17, 20, 22, 24, 26]","[6, 6, 6, 6, 6, 6, 6, 6, 6, 6, 6, 6, 6, 6, 6]","['SINGLE', 'SINGLE', 'SINGLE', 'SINGLE', 'SINGLE', 'SINGLE', 'SINGLE', 'SINGLE', 'SINGLE', 'SINGLE', 'SINGLE', 'SINGLE', 'SINGLE', 'SINGLE', 'SINGLE']",15.0
185,XARVOB,O=C([O-])CN(CCN(CCN(CC(=O)O)CC(=O)O)CC(=O)[O-])CCN(CC(=O)[O-])CC(=O)O,67,18,"[(4, 18), (7, 18), (10, 18), (13, 18), (17, 18), (18, 19), (18, 23), (18, 27), (18, 31)]","[4, 7, 10, 13, 17, 19, 23, 27, 31]","[7, 7, 7, 7, 8, 8, 8, 8, 8]","['SINGLE', 'SINGLE', 'SINGLE', 'SINGLE', 'SINGLE', 'SINGLE', 'SINGLE', 'SINGLE', 'SINGLE']",9.0
186,XAWVOG,O.O.O=N(O)O.O=N(O)O.c1ccc(c2cccc(c3ccccn3)n2)nc1,67,1,"[(0, 1), (1, 2), (1, 3), (1, 7), (1, 11), (1, 6), (1, 10), (1, 22), (1, 28)]","[0, 2, 3, 7, 11, 6, 10, 22, 28]","[8, 8, 8, 8, 7, 8, 8, 7, 7]","['SINGLE', 'SINGLE', 'SINGLE', 'SINGLE', 'SINGLE', 'SINGLE', 'SINGLE', 'SINGLE', 'SINGLE']",9.0
187,XAXYEB,Cl.Cl.Cl.NC(=O)NN=Cc1ccc2cccc(O)c2n1,67,1,"[(0, 1), (1, 2), (1, 3), (1, 4), (1, 14), (1, 17), (1, 19)]","[0, 2, 3, 4, 14, 17, 19]","[17, 17, 17, 8, 7, 8, 7]","['SINGLE', 'SINGLE', 'SINGLE', 'SINGLE', 'SINGLE', 'SINGLE', 'SINGLE']",7.0
188,XEQMEL,Oc1ccccc1C=NCCN(CCN=Cc1ccccc1O)CCN=Cc1ccccc1O,67,23,"[(0, 23), (8, 23), (11, 23), (14, 23), (22, 23), (23, 24), (23, 32)]","[0, 8, 11, 14, 22, 24, 32]","[8, 7, 7, 7, 8, 8, 7]","['SINGLE', 'SINGLE', 'SINGLE', 'SINGLE', 'SINGLE', 'SINGLE', 'SINGLE']",7.0
189,XEWVIE,O.O.O.O.O.O.c1ccc(-c2ccccn2)nc1,67,1,"[(0, 1), (1, 2), (1, 3), (1, 4), (1, 5), (1, 6), (1, 7), (1, 18)]","[0, 2, 3, 4, 5, 6, 7, 18]","[8, 8, 8, 8, 8, 8, 7, 7]","['SINGLE', 'SINGLE', 'SINGLE', 'SINGLE', 'SINGLE', 'SINGLE', 'SINGLE', 'SINGLE']",8.0
190,XEWXIG,O.O.O.O.O.O.c1ccc(-c2ccccn2)nc1,67,1,"[(0, 1), (1, 2), (1, 3), (1, 4), (1, 5), (1, 6), (1, 7), (1, 18)]","[0, 2, 3, 4, 5, 6, 7, 18]","[8, 8, 8, 8, 8, 8, 7, 7]","['SINGLE', 'SINGLE', 'SINGLE', 'SINGLE', 'SINGLE', 'SINGLE', 'SINGLE', 'SINGLE']",8.0
191,XEXDAF,CC1=NN(c2ccccc2)C(=O)C1C(=O)c1ccccc1.CC1=NN(c2ccccc2)C(=O)C1C(=O)c1ccccc1.CC1=NN(c2ccccc2)C(=O)C1C(=O)c1ccccc1.O.O,67,1,"[(0, 1), (1, 2), (1, 3), (1, 24), (1, 45), (1, 17), (1, 38), (1, 59)]","[0, 2, 3, 24, 45, 17, 38, 59]","[8, 8, 8, 8, 8, 8, 8, 8]","['SINGLE', 'SINGLE', 'SINGLE', 'SINGLE', 'SINGLE', 'SINGLE', 'SINGLE', 'SINGLE']",8.0
192,XIBPOR,COc1cc(C)cc(C=[NH+]c2ccccc2O)c1[O-].COc1cc(C)cc(C=[NH+]c2ccccc2O)c1[O-].O.O=N(O)O.O=N(O)O,67,1,"[(0, 1), (1, 2), (1, 6), (1, 10), (1, 29), (1, 5), (1, 9), (1, 27), (1, 46)]","[0, 2, 6, 10, 29, 5, 9, 27, 46]","[8, 8, 8, 8, 8, 8, 8, 8, 8]","['SINGLE', 'SINGLE', 'SINGLE', 'SINGLE', 'SINGLE', 'SINGLE', 'SINGLE', 'SINGLE', 'SINGLE']",9.0
193,XINNIS,O.O.O.O.c1ccc(-c2nnn[nH]2)nc1.c1ccc(-c2nnn[nH]2)nc1,67,1,"[(0, 1), (1, 2), (1, 3), (1, 4), (1, 5), (1, 16), (1, 15), (1, 26)]","[0, 2, 3, 4, 5, 16, 15, 26]","[8, 8, 8, 8, 7, 7, 7, 7]","['SINGLE', 'SINGLE', 'SINGLE', 'SINGLE', 'SINGLE', 'SINGLE', 'SINGLE', 'SINGLE']",8.0
194,XINPEQ,O.O.O.c1ccc(-c2nnn[nH]2)nc1.c1ccc(-c2nnn[nH]2)nc1.c1ccc(-c2nnn[nH]2)nc1,67,1,"[(0, 1), (1, 2), (1, 3), (1, 4), (1, 15), (1, 26), (1, 14), (1, 25), (1, 36)]","[0, 2, 3, 4, 15, 26, 14, 25, 36]","[8, 8, 8, 7, 7, 7, 7, 7, 7]","['SINGLE', 'SINGLE', 'SINGLE', 'SINGLE', 'SINGLE', 'SINGLE', 'SINGLE', 'SINGLE', 'SINGLE']",9.0
195,XOFKIN,O.O.O.O=N(O)c1cc([N+](=O)[O-])cc([N+](=O)[O-])c1O.O=N(O)c1cc([N+](=O)[O-])cc([N+](=O)[O-])c1O.O=N(O)c1cc([N+](=O)[O-])cc([N+](=O)[O-])c1O,67,1,"[(0, 1), (1, 2), (1, 3), (1, 4), (1, 20), (1, 36), (1, 19), (1, 35), (1, 51)]","[0, 2, 3, 4, 20, 36, 19, 35, 51]","[8, 8, 8, 8, 8, 8, 8, 8, 8]","['SINGLE', 'SINGLE', 'SINGLE', 'SINGLE', 'SINGLE', 'SINGLE', 'SINGLE', 'SINGLE', 'SINGLE']",9.0
196,XUJVUV,CC(C)OP(=O)(CP(=O)(OC(C)C)OC(C)C)OC(C)C.Cl.O.O.O.c1cnc2c(c1)ccc1cccnc12,67,1,"[(0, 1), (1, 2), (1, 3), (1, 4), (1, 5), (1, 26), (1, 9), (1, 37)]","[0, 2, 3, 4, 5, 26, 9, 37]","[8, 8, 8, 17, 8, 7, 8, 7]","['SINGLE', 'SINGLE', 'SINGLE', 'SINGLE', 'SINGLE', 'SINGLE', 'SINGLE', 'SINGLE']",8.0
197,XUXGUS,O=C([O-])CN(CCN(CCN(CC(=O)[O-])CC(=O)[O-])CC(=O)[O-])CCN(CC(=O)[O-])CC(=O)[O-],67,18,"[(4, 18), (7, 18), (10, 18), (13, 18), (17, 18), (18, 19), (18, 23), (18, 27), (18, 31)]","[4, 7, 10, 13, 17, 19, 23, 27, 31]","[7, 7, 7, 7, 8, 8, 8, 8, 8]","['SINGLE', 'SINGLE', 'SINGLE', 'SINGLE', 'SINGLE', 'SINGLE', 'SINGLE', 'SINGLE', 'SINGLE']",9.0
198,YEFVUA,C1CCOC1.C1CCOC1.C1CCOC1.Cl.Cl.c1cccc1,67,1,"[(0, 1), (1, 2), (1, 3), (1, 8), (1, 13), (1, 18), (1, 19), (1, 20), (1, 21), (1, 22)]","[0, 2, 3, 8, 13, 18, 19, 20, 21, 22]","[17, 17, 8, 8, 8, 6, 6, 6, 6, 6]","['SINGLE', 'SINGLE', 'SINGLE', 'SINGLE', 'SINGLE', 'SINGLE', 'SINGLE', 'SINGLE', 'SINGLE', 'SINGLE']",10.0
199,YIVTOM,C1CCOC1.O=C(C=C(O)C(F)(F)F)c1ccc2ccccc2c1.c1cccc1.c1cccc1,67,8,"[(7, 8), (8, 9), (8, 10), (8, 15), (8, 20), (8, 16), (8, 17), (8, 18), (8, 19), (8, 21), (8, 22), (8, 23), (8, 24)]","[7, 9, 10, 15, 20, 16, 17, 18, 19, 21, 22, 23, 24]","[8, 8, 8, 6, 6, 6, 6, 6, 6, 6, 6, 6, 6]","['SINGLE', 'SINGLE', 'SINGLE', 'SINGLE', 'SINGLE', 'SINGLE', 'SINGLE', 'SINGLE', 'SINGLE', 'SINGLE', 'SINGLE', 'SINGLE', 'SINGLE']",13.0
200,YOBJUX,O.O.O.O.O=C(O)c1ccncc1.O=C(O)c1ccncc1.O=N(O)O,67,1,"[(0, 1), (1, 2), (1, 3), (1, 4), (1, 5), (1, 14), (1, 23), (1, 26)]","[0, 2, 3, 4, 5, 14, 23, 26]","[8, 8, 8, 8, 8, 8, 8, 8]","['SINGLE', 'SINGLE', 'SINGLE', 'SINGLE', 'SINGLE', 'SINGLE', 'SINGLE', 'SINGLE']",8.0
201,YOCYIZ,O=N(O)O.O=N(O)O.O=N(O)O.c1cnc2c(c1)ccc1cccnc12.c1cnc2c(c1)ccc1cccnc12,67,3,"[(2, 3), (3, 4), (3, 5), (3, 9), (3, 13), (3, 27), (3, 8), (3, 12), (3, 24), (3, 38)]","[2, 4, 5, 9, 13, 27, 8, 12, 24, 38]","[8, 8, 8, 8, 7, 7, 8, 8, 7, 7]","['SINGLE', 'SINGLE', 'SINGLE', 'SINGLE', 'SINGLE', 'SINGLE', 'SINGLE', 'SINGLE', 'SINGLE', 'SINGLE']",10.0
202,YUNCUI,C1CCOC1.C1CCOC1.C[Si](C)(C)C.C[Si](C)(C)C.C[Si](C)(C)C,67,5,"[(4, 5), (5, 6), (5, 11), (5, 16), (5, 21)]","[4, 6, 11, 16, 21]","[6, 6, 6, 8, 8]","['SINGLE', 'SINGLE', 'SINGLE', 'SINGLE', 'SINGLE']",5.0
203,YUNDAP,C1CN2CCC1CC2.C1CN2CCC1CC2.C[Si](C)(C)C.C[Si](C)(C)C.C[Si](C)(C)C,67,5,"[(4, 5), (5, 6), (5, 11), (5, 16), (5, 24)]","[4, 6, 11, 16, 24]","[6, 6, 6, 7, 7]","['SINGLE', 'SINGLE', 'SINGLE', 'SINGLE', 'SINGLE']",5.0
204,YUNDET,C[Si](C)(C)C.C[Si](C)(C)C.C[Si](C)(C)C.Cc1cncc(C)c1.Cc1cncc(C)c1.Cc1cncc(C)c1,67,8,"[(3, 8), (8, 9), (8, 14), (8, 19), (8, 24), (8, 32)]","[3, 9, 14, 19, 24, 32]","[7, 6, 6, 6, 7, 7]","['SINGLE', 'SINGLE', 'SINGLE', 'SINGLE', 'SINGLE', 'SINGLE']",6.0
205,YUNDIX,C[Si](C)(C)C.C[Si](C)(C)C.C[Si](C)(C)C.O=P(C1CCCCC1)(C1CCCCC1)C1CCCCC1.O=P(C1CCCCC1)(C1CCCCC1)C1CCCCC1,67,5,"[(4, 5), (5, 6), (5, 11), (5, 16), (5, 36)]","[4, 6, 11, 16, 36]","[6, 6, 6, 8, 8]","['SINGLE', 'SINGLE', 'SINGLE', 'SINGLE', 'SINGLE']",5.0
206,ZANFIG,NC(=O)NC(N)=O.NC(=O)NC(N)=O.O.O.O.O,67,1,"[(0, 1), (1, 2), (1, 3), (1, 4), (1, 5), (1, 12), (1, 10), (1, 17)]","[0, 2, 3, 4, 5, 12, 10, 17]","[8, 8, 8, 8, 8, 8, 8, 8]","['SINGLE', 'SINGLE', 'SINGLE', 'SINGLE', 'SINGLE', 'SINGLE', 'SINGLE', 'SINGLE']",8.0
207,ZASCUV,O.O.O.O.O.O=P(c1ccccc1)(c1ccccc1)C1CCCCC1.O=P(c1ccccc1)(c1ccccc1)C1CCCCC1,67,1,"[(0, 1), (1, 2), (1, 3), (1, 4), (1, 5), (1, 6), (1, 26)]","[0, 2, 3, 4, 5, 6, 26]","[8, 8, 8, 8, 8, 8, 8]","['SINGLE', 'SINGLE', 'SINGLE', 'SINGLE', 'SINGLE', 'SINGLE', 'SINGLE']",7.0
208,ZOLBEK,O.O.O.O.O=N(O)O.O=N(O)O.O=N(O)O,67,1,"[(0, 1), (1, 2), (1, 3), (1, 4), (1, 5), (1, 9), (1, 13), (1, 8), (1, 12), (1, 16)]","[0, 2, 3, 4, 5, 9, 13, 8, 12, 16]","[8, 8, 8, 8, 8, 8, 8, 8, 8, 8]","['SINGLE', 'SINGLE', 'SINGLE', 'SINGLE', 'SINGLE', 'SINGLE', 'SINGLE', 'SINGLE', 'SINGLE', 'SINGLE']",10.0
209,ZOQKAT,C.C.Cc1cc(C(C)(C)C)nn1[BH](n1nc(C(C)(C)C)cc1C)n1nc(C(C)(C)C)cc1C,67,1,"[(0, 1), (1, 2), (1, 3), (1, 11), (1, 21)]","[0, 2, 3, 11, 21]","[6, 6, 7, 7, 7]","['SINGLE', 'SINGLE', 'SINGLE', 'SINGLE', 'SINGLE']",5.0
210,ZOTSEI,c1ccc(Nc2ccccc2)cc1.c1ccc(Nc2ccccc2)cc1.c1ccc(Nc2ccccc2)cc1.c1ccc([N-]c2ccccc2)cc1,67,13,"[(6, 13), (13, 14), (13, 27), (13, 40)]","[6, 14, 27, 40]","[7, 7, 7, 7]","['SINGLE', 'SINGLE', 'SINGLE', 'SINGLE']",4.0
211,ZUBZUU,c1ccc(N=C2c3cccc4cccc(c34)C2Nc2ccccc2)cc1.c1ccc(N=C2c3cccc4cccc(c34)C2Nc2ccccc2)cc1.c1ccc(N=C2c3cccc4cccc(c34)C2Nc2ccccc2)cc1,67,25,"[(6, 25), (18, 25), (25, 26), (25, 52), (25, 38), (25, 64)]","[6, 18, 26, 52, 38, 64]","[7, 7, 7, 7, 7, 7]","['SINGLE', 'SINGLE', 'SINGLE', 'SINGLE', 'SINGLE', 'SINGLE']",6.0
212,ZULFIY,O.O.O.O.O.O.c1ccc(-c2ccccn2)nc1,67,1,"[(0, 1), (1, 2), (1, 3), (1, 4), (1, 5), (1, 6), (1, 7), (1, 18)]","[0, 2, 3, 4, 5, 6, 7, 18]","[8, 8, 8, 8, 8, 8, 7, 7]","['SINGLE', 'SINGLE', 'SINGLE', 'SINGLE', 'SINGLE', 'SINGLE', 'SINGLE', 'SINGLE']",8.0
213,ZUNGUN,C1CCOC1.C1CCOC1.[BH]123[BH]45[BH]67[CH]89[CH]1%10[BH]21%11[BH]%1082[BH]698[BH]126[BH]34%11[BH-]5786.[BH]123[BH]45[CH]67[CH]89[BH]1%10[BH]21%11[BH]342[BH]563[BH]784[BH]%1091[BH]2%1134,67,5,"[(3, 5), (5, 6), (5, 11), (5, 22), (5, 12), (5, 13), (5, 14), (5, 15), (5, 23), (5, 24), (5, 25), (5, 26)]","[3, 6, 11, 22, 12, 13, 14, 15, 23, 24, 25, 26]","[8, 8, 5, 5, 5, 6, 6, 5, 5, 6, 6, 5]","['SINGLE', 'SINGLE', 'SINGLE', 'SINGLE', 'SINGLE', 'SINGLE', 'SINGLE', 'SINGLE', 'SINGLE', 'SINGLE', 'SINGLE', 'SINGLE']",12.0
